reaction_time,task_type,trial,session,subject
0.0,1-back,1,Vexing,11
0.0,1-back,1,Vexing,11
318.0,1-back,1,Vexing,11
98.0,1-back,1,Vexing,11
271.0,1-back,1,Vexing,11
134.0,1-back,1,Vexing,11
71.0,1-back,1,Vexing,11
396.0,1-back,1,Vexing,11
12.0,1-back,1,Vexing,11
115.0,1-back,1,Vexing,11
339.0,1-back,1,Vexing,11
77.0,1-back,1,Vexing,11
265.0,1-back,1,Vexing,11
35.0,1-back,1,Vexing,11
107.0,1-back,1,Vexing,11
456.0,1-back,1,Vexing,11
87.0,1-back,1,Vexing,11
44.0,1-back,1,Vexing,11
203.0,1-back,1,Vexing,11
0.0,1-back,1,Vexing,11
84.0,1-back,1,Vexing,11
400.0,1-back,1,Vexing,11
0.0,3-back,2,Vexing,11
0.0,3-back,2,Vexing,11
0.0,3-back,2,Vexing,11
552.0,3-back,2,Vexing,11
975.0,3-back,2,Vexing,11
1173.0,3-back,2,Vexing,11
784.0,3-back,2,Vexing,11
762.0,3-back,2,Vexing,11
83.0,3-back,2,Vexing,11
66.0,3-back,2,Vexing,11
109.0,3-back,2,Vexing,11
399.0,3-back,2,Vexing,11
429.0,3-back,2,Vexing,11
109.0,3-back,2,Vexing,11
0.0,3-back,2,Vexing,11
472.0,3-back,2,Vexing,11
555.0,3-back,2,Vexing,11
526.0,3-back,2,Vexing,11
45.0,3-back,2,Vexing,11
448.0,3-back,2,Vexing,11
102.0,3-back,2,Vexing,11
445.0,3-back,2,Vexing,11
0.0,1-back,3,Vexing,11
799.0,1-back,3,Vexing,11
498.0,1-back,3,Vexing,11
84.0,1-back,3,Vexing,11
0.0,1-back,3,Vexing,11
71.0,1-back,3,Vexing,11
76.0,1-back,3,Vexing,11
90.0,1-back,3,Vexing,11
0.0,1-back,3,Vexing,11
466.0,1-back,3,Vexing,11
401.0,1-back,3,Vexing,11
385.0,1-back,3,Vexing,11
34.0,1-back,3,Vexing,11
421.0,1-back,3,Vexing,11
475.0,1-back,3,Vexing,11
372.0,1-back,3,Vexing,11
286.0,1-back,3,Vexing,11
0.0,1-back,3,Vexing,11
119.0,1-back,3,Vexing,11
0.0,1-back,3,Vexing,11
386.0,1-back,3,Vexing,11
438.0,1-back,3,Vexing,11
0.0,3-back,4,Vexing,11
0.0,3-back,4,Vexing,11
0.0,3-back,4,Vexing,11
95.0,3-back,4,Vexing,11
270.0,3-back,4,Vexing,11
304.0,3-back,4,Vexing,11
285.0,3-back,4,Vexing,11
371.0,3-back,4,Vexing,11
142.0,3-back,4,Vexing,11
54.0,3-back,4,Vexing,11
217.0,3-back,4,Vexing,11
0.0,3-back,4,Vexing,11
53.0,3-back,4,Vexing,11
1169.0,3-back,4,Vexing,11
198.0,3-back,4,Vexing,11
97.0,3-back,4,Vexing,11
476.0,3-back,4,Vexing,11
0.0,3-back,4,Vexing,11
255.0,3-back,4,Vexing,11
200.0,3-back,4,Vexing,11
166.0,3-back,4,Vexing,11
483.0,3-back,4,Vexing,11
0.0,1-back,5,Vexing,11
719.0,1-back,5,Vexing,11
568.0,1-back,5,Vexing,11
444.0,1-back,5,Vexing,11
375.0,1-back,5,Vexing,11
446.0,1-back,5,Vexing,11
82.0,1-back,5,Vexing,11
405.0,1-back,5,Vexing,11
83.0,1-back,5,Vexing,11
104.0,1-back,5,Vexing,11
462.0,1-back,5,Vexing,11
87.0,1-back,5,Vexing,11
426.0,1-back,5,Vexing,11
103.0,1-back,5,Vexing,11
436.0,1-back,5,Vexing,11
349.0,1-back,5,Vexing,11
161.0,1-back,5,Vexing,11
202.0,1-back,5,Vexing,11
265.0,1-back,5,Vexing,11
114.0,1-back,5,Vexing,11
496.0,1-back,5,Vexing,11
82.0,1-back,5,Vexing,11
0.0,3-back,6,Vexing,11
0.0,3-back,6,Vexing,11
0.0,3-back,6,Vexing,11
482.0,3-back,6,Vexing,11
227.0,3-back,6,Vexing,11
133.0,3-back,6,Vexing,11
192.0,3-back,6,Vexing,11
107.0,3-back,6,Vexing,11
1054.0,3-back,6,Vexing,11
739.0,3-back,6,Vexing,11
917.0,3-back,6,Vexing,11
299.0,3-back,6,Vexing,11
0.0,3-back,6,Vexing,11
0.0,3-back,6,Vexing,11
112.0,3-back,6,Vexing,11
268.0,3-back,6,Vexing,11
861.0,3-back,6,Vexing,11
365.0,3-back,6,Vexing,11
0.0,3-back,6,Vexing,11
425.0,3-back,6,Vexing,11
22.0,3-back,6,Vexing,11
339.0,3-back,6,Vexing,11
0.0,1-back,7,Vexing,11
583.0,1-back,7,Vexing,11
69.0,1-back,7,Vexing,11
113.0,1-back,7,Vexing,11
410.0,1-back,7,Vexing,11
455.0,1-back,7,Vexing,11
119.0,1-back,7,Vexing,11
175.0,1-back,7,Vexing,11
215.0,1-back,7,Vexing,11
487.0,1-back,7,Vexing,11
158.0,1-back,7,Vexing,11
473.0,1-back,7,Vexing,11
0.0,1-back,7,Vexing,11
446.0,1-back,7,Vexing,11
491.0,1-back,7,Vexing,11
489.0,1-back,7,Vexing,11
80.0,1-back,7,Vexing,11
5.0,1-back,7,Vexing,11
22.0,1-back,7,Vexing,11
466.0,1-back,7,Vexing,11
36.0,1-back,7,Vexing,11
278.0,1-back,7,Vexing,11
0.0,3-back,8,Vexing,11
0.0,3-back,8,Vexing,11
0.0,3-back,8,Vexing,11
486.0,3-back,8,Vexing,11
157.0,3-back,8,Vexing,11
425.0,3-back,8,Vexing,11
81.0,3-back,8,Vexing,11
0.0,3-back,8,Vexing,11
0.0,3-back,8,Vexing,11
305.0,3-back,8,Vexing,11
402.0,3-back,8,Vexing,11
477.0,3-back,8,Vexing,11
285.0,3-back,8,Vexing,11
540.0,3-back,8,Vexing,11
278.0,3-back,8,Vexing,11
310.0,3-back,8,Vexing,11
12.0,3-back,8,Vexing,11
389.0,3-back,8,Vexing,11
761.0,3-back,8,Vexing,11
639.0,3-back,8,Vexing,11
605.0,3-back,8,Vexing,11
600.0,3-back,8,Vexing,11
0.0,1-back,10,Vexing,11
278.0,1-back,10,Vexing,11
147.0,1-back,10,Vexing,11
0.0,1-back,10,Vexing,11
0.0,1-back,10,Vexing,11
20.0,1-back,10,Vexing,11
429.0,1-back,10,Vexing,11
149.0,1-back,10,Vexing,11
82.0,1-back,10,Vexing,11
379.0,1-back,10,Vexing,11
382.0,1-back,10,Vexing,11
0.0,1-back,10,Vexing,11
36.0,1-back,10,Vexing,11
484.0,1-back,10,Vexing,11
54.0,1-back,10,Vexing,11
413.0,1-back,10,Vexing,11
455.0,1-back,10,Vexing,11
0.0,1-back,10,Vexing,11
348.0,1-back,10,Vexing,11
439.0,1-back,10,Vexing,11
27.0,1-back,10,Vexing,11
0.0,1-back,10,Vexing,11
0.0,3-back,11,Vexing,11
0.0,3-back,11,Vexing,11
0.0,3-back,11,Vexing,11
247.0,3-back,11,Vexing,11
117.0,3-back,11,Vexing,11
452.0,3-back,11,Vexing,11
729.0,3-back,11,Vexing,11
278.0,3-back,11,Vexing,11
723.0,3-back,11,Vexing,11
260.0,3-back,11,Vexing,11
498.0,3-back,11,Vexing,11
451.0,3-back,11,Vexing,11
172.0,3-back,11,Vexing,11
450.0,3-back,11,Vexing,11
114.0,3-back,11,Vexing,11
84.0,3-back,11,Vexing,11
319.0,3-back,11,Vexing,11
964.0,3-back,11,Vexing,11
781.0,3-back,11,Vexing,11
643.0,3-back,11,Vexing,11
112.0,3-back,11,Vexing,11
456.0,3-back,11,Vexing,11
0.0,3-back,12,Vexing,11
0.0,3-back,12,Vexing,11
0.0,3-back,12,Vexing,11
557.0,3-back,12,Vexing,11
1416.0,3-back,12,Vexing,11
238.0,3-back,12,Vexing,11
684.0,3-back,12,Vexing,11
0.0,3-back,12,Vexing,11
0.0,3-back,12,Vexing,11
411.0,3-back,12,Vexing,11
160.0,3-back,12,Vexing,11
385.0,3-back,12,Vexing,11
284.0,3-back,12,Vexing,11
19.0,3-back,12,Vexing,11
513.0,3-back,12,Vexing,11
580.0,3-back,12,Vexing,11
372.0,3-back,12,Vexing,11
438.0,3-back,12,Vexing,11
116.0,3-back,12,Vexing,11
408.0,3-back,12,Vexing,11
374.0,3-back,12,Vexing,11
0.0,3-back,12,Vexing,11
0.0,1-back,13,Vexing,11
160.0,1-back,13,Vexing,11
449.0,1-back,13,Vexing,11
497.0,1-back,13,Vexing,11
366.0,1-back,13,Vexing,11
372.0,1-back,13,Vexing,11
46.0,1-back,13,Vexing,11
0.0,1-back,13,Vexing,11
425.0,1-back,13,Vexing,11
452.0,1-back,13,Vexing,11
94.0,1-back,13,Vexing,11
58.0,1-back,13,Vexing,11
428.0,1-back,13,Vexing,11
288.0,1-back,13,Vexing,11
907.0,1-back,13,Vexing,11
408.0,1-back,13,Vexing,11
403.0,1-back,13,Vexing,11
494.0,1-back,13,Vexing,11
33.0,1-back,13,Vexing,11
313.0,1-back,13,Vexing,11
437.0,1-back,13,Vexing,11
0.0,1-back,13,Vexing,11
0.0,3-back,14,Vexing,11
0.0,3-back,14,Vexing,11
0.0,3-back,14,Vexing,11
205.0,3-back,14,Vexing,11
172.0,3-back,14,Vexing,11
70.0,3-back,14,Vexing,11
49.0,3-back,14,Vexing,11
90.0,3-back,14,Vexing,11
245.0,3-back,14,Vexing,11
232.0,3-back,14,Vexing,11
0.0,3-back,14,Vexing,11
0.0,3-back,14,Vexing,11
162.0,3-back,14,Vexing,11
357.0,3-back,14,Vexing,11
325.0,3-back,14,Vexing,11
996.0,3-back,14,Vexing,11
324.0,3-back,14,Vexing,11
339.0,3-back,14,Vexing,11
319.0,3-back,14,Vexing,11
386.0,3-back,14,Vexing,11
245.0,3-back,14,Vexing,11
218.0,3-back,14,Vexing,11
0.0,1-back,15,Vexing,11
214.0,1-back,15,Vexing,11
235.0,1-back,15,Vexing,11
37.0,1-back,15,Vexing,11
0.0,1-back,15,Vexing,11
232.0,1-back,15,Vexing,11
466.0,1-back,15,Vexing,11
0.0,1-back,15,Vexing,11
364.0,1-back,15,Vexing,11
434.0,1-back,15,Vexing,11
259.0,1-back,15,Vexing,11
397.0,1-back,15,Vexing,11
788.0,1-back,15,Vexing,11
363.0,1-back,15,Vexing,11
268.0,1-back,15,Vexing,11
489.0,1-back,15,Vexing,11
294.0,1-back,15,Vexing,11
131.0,1-back,15,Vexing,11
1.0,1-back,15,Vexing,11
36.0,1-back,15,Vexing,11
42.0,1-back,15,Vexing,11
89.0,1-back,15,Vexing,11
0.0,3-back,16,Vexing,11
0.0,3-back,16,Vexing,11
0.0,3-back,16,Vexing,11
440.0,3-back,16,Vexing,11
676.0,3-back,16,Vexing,11
290.0,3-back,16,Vexing,11
244.0,3-back,16,Vexing,11
34.0,3-back,16,Vexing,11
463.0,3-back,16,Vexing,11
227.0,3-back,16,Vexing,11
228.0,3-back,16,Vexing,11
239.0,3-back,16,Vexing,11
940.0,3-back,16,Vexing,11
101.0,3-back,16,Vexing,11
10.0,3-back,16,Vexing,11
56.0,3-back,16,Vexing,11
168.0,3-back,16,Vexing,11
219.0,3-back,16,Vexing,11
1318.0,3-back,16,Vexing,11
364.0,3-back,16,Vexing,11
592.0,3-back,16,Vexing,11
463.0,3-back,16,Vexing,11
0.0,1-back,17,Vexing,11
774.0,1-back,17,Vexing,11
1188.0,1-back,17,Vexing,11
93.0,1-back,17,Vexing,11
30.0,1-back,17,Vexing,11
135.0,1-back,17,Vexing,11
205.0,1-back,17,Vexing,11
407.0,1-back,17,Vexing,11
354.0,1-back,17,Vexing,11
88.0,1-back,17,Vexing,11
462.0,1-back,17,Vexing,11
66.0,1-back,17,Vexing,11
0.0,1-back,17,Vexing,11
425.0,1-back,17,Vexing,11
133.0,1-back,17,Vexing,11
243.0,1-back,17,Vexing,11
0.0,1-back,17,Vexing,11
905.0,1-back,17,Vexing,11
157.0,1-back,17,Vexing,11
97.0,1-back,17,Vexing,11
0.0,1-back,17,Vexing,11
124.0,1-back,17,Vexing,11
0.0,1-back,1,Calming,3
1432.0,1-back,1,Calming,3
825.0,1-back,1,Calming,3
631.0,1-back,1,Calming,3
531.0,1-back,1,Calming,3
421.0,1-back,1,Calming,3
849.0,1-back,1,Calming,3
1141.0,1-back,1,Calming,3
922.0,1-back,1,Calming,3
387.0,1-back,1,Calming,3
344.0,1-back,1,Calming,3
473.0,1-back,1,Calming,3
668.0,1-back,1,Calming,3
290.0,1-back,1,Calming,3
209.0,1-back,1,Calming,3
282.0,1-back,1,Calming,3
797.0,1-back,1,Calming,3
426.0,1-back,1,Calming,3
350.0,1-back,1,Calming,3
290.0,1-back,1,Calming,3
757.0,1-back,1,Calming,3
392.0,1-back,1,Calming,3
0.0,3-back,2,Calming,3
0.0,3-back,2,Calming,3
0.0,3-back,2,Calming,3
442.0,3-back,2,Calming,3
765.0,3-back,2,Calming,3
1063.0,3-back,2,Calming,3
0.0,3-back,2,Calming,3
1147.0,3-back,2,Calming,3
623.0,3-back,2,Calming,3
462.0,3-back,2,Calming,3
410.0,3-back,2,Calming,3
0.0,3-back,2,Calming,3
892.0,3-back,2,Calming,3
544.0,3-back,2,Calming,3
555.0,3-back,2,Calming,3
325.0,3-back,2,Calming,3
529.0,3-back,2,Calming,3
822.0,3-back,2,Calming,3
532.0,3-back,2,Calming,3
457.0,3-back,2,Calming,3
815.0,3-back,2,Calming,3
356.0,3-back,2,Calming,3
0.0,3-back,3,Calming,3
0.0,3-back,3,Calming,3
0.0,3-back,3,Calming,3
289.0,3-back,3,Calming,3
1378.0,3-back,3,Calming,3
840.0,3-back,3,Calming,3
629.0,3-back,3,Calming,3
560.0,3-back,3,Calming,3
876.0,3-back,3,Calming,3
759.0,3-back,3,Calming,3
191.0,3-back,3,Calming,3
552.0,3-back,3,Calming,3
465.0,3-back,3,Calming,3
381.0,3-back,3,Calming,3
163.0,3-back,3,Calming,3
301.0,3-back,3,Calming,3
271.0,3-back,3,Calming,3
322.0,3-back,3,Calming,3
519.0,3-back,3,Calming,3
477.0,3-back,3,Calming,3
998.0,3-back,3,Calming,3
859.0,3-back,3,Calming,3
0.0,1-back,4,Calming,3
198.0,1-back,4,Calming,3
293.0,1-back,4,Calming,3
112.0,1-back,4,Calming,3
97.0,1-back,4,Calming,3
127.0,1-back,4,Calming,3
389.0,1-back,4,Calming,3
333.0,1-back,4,Calming,3
267.0,1-back,4,Calming,3
275.0,1-back,4,Calming,3
336.0,1-back,4,Calming,3
472.0,1-back,4,Calming,3
202.0,1-back,4,Calming,3
433.0,1-back,4,Calming,3
647.0,1-back,4,Calming,3
369.0,1-back,4,Calming,3
298.0,1-back,4,Calming,3
665.0,1-back,4,Calming,3
376.0,1-back,4,Calming,3
264.0,1-back,4,Calming,3
259.0,1-back,4,Calming,3
385.0,1-back,4,Calming,3
0.0,3-back,5,Calming,3
0.0,3-back,5,Calming,3
0.0,3-back,5,Calming,3
206.0,3-back,5,Calming,3
601.0,3-back,5,Calming,3
674.0,3-back,5,Calming,3
793.0,3-back,5,Calming,3
1194.0,3-back,5,Calming,3
935.0,3-back,5,Calming,3
359.0,3-back,5,Calming,3
822.0,3-back,5,Calming,3
650.0,3-back,5,Calming,3
765.0,3-back,5,Calming,3
942.0,3-back,5,Calming,3
507.0,3-back,5,Calming,3
819.0,3-back,5,Calming,3
1092.0,3-back,5,Calming,3
1160.0,3-back,5,Calming,3
1007.0,3-back,5,Calming,3
527.0,3-back,5,Calming,3
624.0,3-back,5,Calming,3
774.0,3-back,5,Calming,3
0.0,1-back,6,Calming,3
216.0,1-back,6,Calming,3
155.0,1-back,6,Calming,3
158.0,1-back,6,Calming,3
284.0,1-back,6,Calming,3
200.0,1-back,6,Calming,3
245.0,1-back,6,Calming,3
195.0,1-back,6,Calming,3
457.0,1-back,6,Calming,3
712.0,1-back,6,Calming,3
287.0,1-back,6,Calming,3
130.0,1-back,6,Calming,3
311.0,1-back,6,Calming,3
510.0,1-back,6,Calming,3
562.0,1-back,6,Calming,3
157.0,1-back,6,Calming,3
285.0,1-back,6,Calming,3
654.0,1-back,6,Calming,3
768.0,1-back,6,Calming,3
210.0,1-back,6,Calming,3
335.0,1-back,6,Calming,3
358.0,1-back,6,Calming,3
0.0,1-back,7,Calming,3
80.0,1-back,7,Calming,3
283.0,1-back,7,Calming,3
230.0,1-back,7,Calming,3
204.0,1-back,7,Calming,3
159.0,1-back,7,Calming,3
204.0,1-back,7,Calming,3
221.0,1-back,7,Calming,3
47.0,1-back,7,Calming,3
326.0,1-back,7,Calming,3
3.0,1-back,7,Calming,3
688.0,1-back,7,Calming,3
221.0,1-back,7,Calming,3
71.0,1-back,7,Calming,3
0.0,1-back,7,Calming,3
50.0,1-back,7,Calming,3
660.0,1-back,7,Calming,3
325.0,1-back,7,Calming,3
403.0,1-back,7,Calming,3
313.0,1-back,7,Calming,3
247.0,1-back,7,Calming,3
75.0,1-back,7,Calming,3
0.0,3-back,8,Calming,3
0.0,3-back,8,Calming,3
0.0,3-back,8,Calming,3
0.0,3-back,8,Calming,3
460.0,3-back,8,Calming,3
637.0,3-back,8,Calming,3
1036.0,3-back,8,Calming,3
769.0,3-back,8,Calming,3
497.0,3-back,8,Calming,3
716.0,3-back,8,Calming,3
457.0,3-back,8,Calming,3
686.0,3-back,8,Calming,3
403.0,3-back,8,Calming,3
430.0,3-back,8,Calming,3
1003.0,3-back,8,Calming,3
433.0,3-back,8,Calming,3
420.0,3-back,8,Calming,3
541.0,3-back,8,Calming,3
470.0,3-back,8,Calming,3
326.0,3-back,8,Calming,3
521.0,3-back,8,Calming,3
597.0,3-back,8,Calming,3
0.0,3-back,10,Calming,3
0.0,3-back,10,Calming,3
0.0,3-back,10,Calming,3
212.0,3-back,10,Calming,3
493.0,3-back,10,Calming,3
611.0,3-back,10,Calming,3
422.0,3-back,10,Calming,3
232.0,3-back,10,Calming,3
587.0,3-back,10,Calming,3
360.0,3-back,10,Calming,3
458.0,3-back,10,Calming,3
816.0,3-back,10,Calming,3
1067.0,3-back,10,Calming,3
824.0,3-back,10,Calming,3
196.0,3-back,10,Calming,3
823.0,3-back,10,Calming,3
1068.0,3-back,10,Calming,3
817.0,3-back,10,Calming,3
1186.0,3-back,10,Calming,3
539.0,3-back,10,Calming,3
727.0,3-back,10,Calming,3
840.0,3-back,10,Calming,3
0.0,1-back,11,Calming,3
2.0,1-back,11,Calming,3
166.0,1-back,11,Calming,3
285.0,1-back,11,Calming,3
57.0,1-back,11,Calming,3
625.0,1-back,11,Calming,3
250.0,1-back,11,Calming,3
229.0,1-back,11,Calming,3
304.0,1-back,11,Calming,3
1034.0,1-back,11,Calming,3
238.0,1-back,11,Calming,3
806.0,1-back,11,Calming,3
643.0,1-back,11,Calming,3
526.0,1-back,11,Calming,3
556.0,1-back,11,Calming,3
423.0,1-back,11,Calming,3
232.0,1-back,11,Calming,3
174.0,1-back,11,Calming,3
328.0,1-back,11,Calming,3
314.0,1-back,11,Calming,3
213.0,1-back,11,Calming,3
62.0,1-back,11,Calming,3
0.0,1-back,12,Calming,3
207.0,1-back,12,Calming,3
460.0,1-back,12,Calming,3
734.0,1-back,12,Calming,3
203.0,1-back,12,Calming,3
232.0,1-back,12,Calming,3
331.0,1-back,12,Calming,3
116.0,1-back,12,Calming,3
17.0,1-back,12,Calming,3
200.0,1-back,12,Calming,3
203.0,1-back,12,Calming,3
704.0,1-back,12,Calming,3
376.0,1-back,12,Calming,3
656.0,1-back,12,Calming,3
295.0,1-back,12,Calming,3
315.0,1-back,12,Calming,3
230.0,1-back,12,Calming,3
186.0,1-back,12,Calming,3
122.0,1-back,12,Calming,3
378.0,1-back,12,Calming,3
48.0,1-back,12,Calming,3
135.0,1-back,12,Calming,3
0.0,3-back,13,Calming,3
0.0,3-back,13,Calming,3
0.0,3-back,13,Calming,3
376.0,3-back,13,Calming,3
269.0,3-back,13,Calming,3
232.0,3-back,13,Calming,3
461.0,3-back,13,Calming,3
375.0,3-back,13,Calming,3
1002.0,3-back,13,Calming,3
506.0,3-back,13,Calming,3
787.0,3-back,13,Calming,3
808.0,3-back,13,Calming,3
927.0,3-back,13,Calming,3
853.0,3-back,13,Calming,3
621.0,3-back,13,Calming,3
520.0,3-back,13,Calming,3
290.0,3-back,13,Calming,3
1222.0,3-back,13,Calming,3
616.0,3-back,13,Calming,3
294.0,3-back,13,Calming,3
555.0,3-back,13,Calming,3
421.0,3-back,13,Calming,3
0.0,3-back,14,Calming,3
0.0,3-back,14,Calming,3
0.0,3-back,14,Calming,3
451.0,3-back,14,Calming,3
438.0,3-back,14,Calming,3
451.0,3-back,14,Calming,3
336.0,3-back,14,Calming,3
1014.0,3-back,14,Calming,3
610.0,3-back,14,Calming,3
358.0,3-back,14,Calming,3
673.0,3-back,14,Calming,3
541.0,3-back,14,Calming,3
579.0,3-back,14,Calming,3
277.0,3-back,14,Calming,3
735.0,3-back,14,Calming,3
260.0,3-back,14,Calming,3
367.0,3-back,14,Calming,3
1041.0,3-back,14,Calming,3
1177.0,3-back,14,Calming,3
1231.0,3-back,14,Calming,3
907.0,3-back,14,Calming,3
823.0,3-back,14,Calming,3
0.0,1-back,15,Calming,3
314.0,1-back,15,Calming,3
299.0,1-back,15,Calming,3
609.0,1-back,15,Calming,3
425.0,1-back,15,Calming,3
367.0,1-back,15,Calming,3
481.0,1-back,15,Calming,3
369.0,1-back,15,Calming,3
628.0,1-back,15,Calming,3
254.0,1-back,15,Calming,3
859.0,1-back,15,Calming,3
388.0,1-back,15,Calming,3
836.0,1-back,15,Calming,3
581.0,1-back,15,Calming,3
795.0,1-back,15,Calming,3
341.0,1-back,15,Calming,3
324.0,1-back,15,Calming,3
248.0,1-back,15,Calming,3
372.0,1-back,15,Calming,3
465.0,1-back,15,Calming,3
315.0,1-back,15,Calming,3
143.0,1-back,15,Calming,3
0.0,3-back,16,Calming,3
0.0,3-back,16,Calming,3
0.0,3-back,16,Calming,3
605.0,3-back,16,Calming,3
430.0,3-back,16,Calming,3
429.0,3-back,16,Calming,3
676.0,3-back,16,Calming,3
299.0,3-back,16,Calming,3
294.0,3-back,16,Calming,3
136.0,3-back,16,Calming,3
399.0,3-back,16,Calming,3
478.0,3-back,16,Calming,3
547.0,3-back,16,Calming,3
211.0,3-back,16,Calming,3
245.0,3-back,16,Calming,3
977.0,3-back,16,Calming,3
391.0,3-back,16,Calming,3
518.0,3-back,16,Calming,3
91.0,3-back,16,Calming,3
454.0,3-back,16,Calming,3
516.0,3-back,16,Calming,3
1017.0,3-back,16,Calming,3
0.0,1-back,17,Calming,3
279.0,1-back,17,Calming,3
277.0,1-back,17,Calming,3
1014.0,1-back,17,Calming,3
828.0,1-back,17,Calming,3
329.0,1-back,17,Calming,3
208.0,1-back,17,Calming,3
85.0,1-back,17,Calming,3
55.0,1-back,17,Calming,3
611.0,1-back,17,Calming,3
195.0,1-back,17,Calming,3
361.0,1-back,17,Calming,3
266.0,1-back,17,Calming,3
564.0,1-back,17,Calming,3
315.0,1-back,17,Calming,3
367.0,1-back,17,Calming,3
110.0,1-back,17,Calming,3
141.0,1-back,17,Calming,3
285.0,1-back,17,Calming,3
23.0,1-back,17,Calming,3
239.0,1-back,17,Calming,3
26.0,1-back,17,Calming,3
0.0,1-back,1,Vexing,8
263.0,1-back,1,Vexing,8
12.0,1-back,1,Vexing,8
53.0,1-back,1,Vexing,8
353.0,1-back,1,Vexing,8
1050.0,1-back,1,Vexing,8
279.0,1-back,1,Vexing,8
43.0,1-back,1,Vexing,8
200.0,1-back,1,Vexing,8
212.0,1-back,1,Vexing,8
279.0,1-back,1,Vexing,8
180.0,1-back,1,Vexing,8
224.0,1-back,1,Vexing,8
108.0,1-back,1,Vexing,8
496.0,1-back,1,Vexing,8
13.0,1-back,1,Vexing,8
176.0,1-back,1,Vexing,8
351.0,1-back,1,Vexing,8
260.0,1-back,1,Vexing,8
286.0,1-back,1,Vexing,8
489.0,1-back,1,Vexing,8
399.0,1-back,1,Vexing,8
0.0,3-back,2,Vexing,8
0.0,3-back,2,Vexing,8
0.0,3-back,2,Vexing,8
246.0,3-back,2,Vexing,8
150.0,3-back,2,Vexing,8
396.0,3-back,2,Vexing,8
248.0,3-back,2,Vexing,8
301.0,3-back,2,Vexing,8
353.0,3-back,2,Vexing,8
190.0,3-back,2,Vexing,8
155.0,3-back,2,Vexing,8
199.0,3-back,2,Vexing,8
539.0,3-back,2,Vexing,8
1145.0,3-back,2,Vexing,8
270.0,3-back,2,Vexing,8
221.0,3-back,2,Vexing,8
378.0,3-back,2,Vexing,8
331.0,3-back,2,Vexing,8
598.0,3-back,2,Vexing,8
858.0,3-back,2,Vexing,8
189.0,3-back,2,Vexing,8
494.0,3-back,2,Vexing,8
0.0,1-back,3,Vexing,8
433.0,1-back,3,Vexing,8
0.0,1-back,3,Vexing,8
106.0,1-back,3,Vexing,8
321.0,1-back,3,Vexing,8
312.0,1-back,3,Vexing,8
305.0,1-back,3,Vexing,8
199.0,1-back,3,Vexing,8
215.0,1-back,3,Vexing,8
33.0,1-back,3,Vexing,8
211.0,1-back,3,Vexing,8
623.0,1-back,3,Vexing,8
536.0,1-back,3,Vexing,8
143.0,1-back,3,Vexing,8
35.0,1-back,3,Vexing,8
51.0,1-back,3,Vexing,8
484.0,1-back,3,Vexing,8
303.0,1-back,3,Vexing,8
814.0,1-back,3,Vexing,8
693.0,1-back,3,Vexing,8
413.0,1-back,3,Vexing,8
68.0,1-back,3,Vexing,8
0.0,3-back,4,Vexing,8
0.0,3-back,4,Vexing,8
0.0,3-back,4,Vexing,8
0.0,3-back,4,Vexing,8
493.0,3-back,4,Vexing,8
460.0,3-back,4,Vexing,8
768.0,3-back,4,Vexing,8
725.0,3-back,4,Vexing,8
777.0,3-back,4,Vexing,8
289.0,3-back,4,Vexing,8
463.0,3-back,4,Vexing,8
241.0,3-back,4,Vexing,8
269.0,3-back,4,Vexing,8
268.0,3-back,4,Vexing,8
238.0,3-back,4,Vexing,8
299.0,3-back,4,Vexing,8
261.0,3-back,4,Vexing,8
261.0,3-back,4,Vexing,8
217.0,3-back,4,Vexing,8
1426.0,3-back,4,Vexing,8
806.0,3-back,4,Vexing,8
438.0,3-back,4,Vexing,8
0.0,1-back,5,Vexing,8
92.0,1-back,5,Vexing,8
257.0,1-back,5,Vexing,8
88.0,1-back,5,Vexing,8
259.0,1-back,5,Vexing,8
147.0,1-back,5,Vexing,8
0.0,1-back,5,Vexing,8
74.0,1-back,5,Vexing,8
241.0,1-back,5,Vexing,8
250.0,1-back,5,Vexing,8
353.0,1-back,5,Vexing,8
449.0,1-back,5,Vexing,8
203.0,1-back,5,Vexing,8
246.0,1-back,5,Vexing,8
247.0,1-back,5,Vexing,8
437.0,1-back,5,Vexing,8
243.0,1-back,5,Vexing,8
246.0,1-back,5,Vexing,8
374.0,1-back,5,Vexing,8
606.0,1-back,5,Vexing,8
173.0,1-back,5,Vexing,8
317.0,1-back,5,Vexing,8
0.0,3-back,6,Vexing,8
0.0,3-back,6,Vexing,8
0.0,3-back,6,Vexing,8
538.0,3-back,6,Vexing,8
707.0,3-back,6,Vexing,8
215.0,3-back,6,Vexing,8
1060.0,3-back,6,Vexing,8
375.0,3-back,6,Vexing,8
357.0,3-back,6,Vexing,8
885.0,3-back,6,Vexing,8
288.0,3-back,6,Vexing,8
435.0,3-back,6,Vexing,8
531.0,3-back,6,Vexing,8
810.0,3-back,6,Vexing,8
465.0,3-back,6,Vexing,8
930.0,3-back,6,Vexing,8
539.0,3-back,6,Vexing,8
626.0,3-back,6,Vexing,8
995.0,3-back,6,Vexing,8
691.0,3-back,6,Vexing,8
520.0,3-back,6,Vexing,8
448.0,3-back,6,Vexing,8
0.0,1-back,7,Vexing,8
64.0,1-back,7,Vexing,8
186.0,1-back,7,Vexing,8
52.0,1-back,7,Vexing,8
481.0,1-back,7,Vexing,8
3.0,1-back,7,Vexing,8
112.0,1-back,7,Vexing,8
135.0,1-back,7,Vexing,8
629.0,1-back,7,Vexing,8
286.0,1-back,7,Vexing,8
219.0,1-back,7,Vexing,8
39.0,1-back,7,Vexing,8
260.0,1-back,7,Vexing,8
713.0,1-back,7,Vexing,8
267.0,1-back,7,Vexing,8
222.0,1-back,7,Vexing,8
268.0,1-back,7,Vexing,8
339.0,1-back,7,Vexing,8
0.0,1-back,7,Vexing,8
252.0,1-back,7,Vexing,8
232.0,1-back,7,Vexing,8
267.0,1-back,7,Vexing,8
0.0,3-back,8,Vexing,8
0.0,3-back,8,Vexing,8
0.0,3-back,8,Vexing,8
179.0,3-back,8,Vexing,8
0.0,3-back,8,Vexing,8
90.0,3-back,8,Vexing,8
785.0,3-back,8,Vexing,8
214.0,3-back,8,Vexing,8
607.0,3-back,8,Vexing,8
713.0,3-back,8,Vexing,8
713.0,3-back,8,Vexing,8
343.0,3-back,8,Vexing,8
1111.0,3-back,8,Vexing,8
296.0,3-back,8,Vexing,8
285.0,3-back,8,Vexing,8
258.0,3-back,8,Vexing,8
813.0,3-back,8,Vexing,8
1298.0,3-back,8,Vexing,8
330.0,3-back,8,Vexing,8
179.0,3-back,8,Vexing,8
371.0,3-back,8,Vexing,8
364.0,3-back,8,Vexing,8
0.0,1-back,10,Vexing,8
212.0,1-back,10,Vexing,8
338.0,1-back,10,Vexing,8
436.0,1-back,10,Vexing,8
4.0,1-back,10,Vexing,8
214.0,1-back,10,Vexing,8
392.0,1-back,10,Vexing,8
270.0,1-back,10,Vexing,8
286.0,1-back,10,Vexing,8
220.0,1-back,10,Vexing,8
235.0,1-back,10,Vexing,8
305.0,1-back,10,Vexing,8
496.0,1-back,10,Vexing,8
133.0,1-back,10,Vexing,8
273.0,1-back,10,Vexing,8
212.0,1-back,10,Vexing,8
402.0,1-back,10,Vexing,8
425.0,1-back,10,Vexing,8
317.0,1-back,10,Vexing,8
205.0,1-back,10,Vexing,8
345.0,1-back,10,Vexing,8
250.0,1-back,10,Vexing,8
0.0,3-back,11,Vexing,8
0.0,3-back,11,Vexing,8
0.0,3-back,11,Vexing,8
68.0,3-back,11,Vexing,8
308.0,3-back,11,Vexing,8
613.0,3-back,11,Vexing,8
1130.0,3-back,11,Vexing,8
649.0,3-back,11,Vexing,8
377.0,3-back,11,Vexing,8
285.0,3-back,11,Vexing,8
431.0,3-back,11,Vexing,8
218.0,3-back,11,Vexing,8
1265.0,3-back,11,Vexing,8
986.0,3-back,11,Vexing,8
435.0,3-back,11,Vexing,8
318.0,3-back,11,Vexing,8
459.0,3-back,11,Vexing,8
214.0,3-back,11,Vexing,8
475.0,3-back,11,Vexing,8
151.0,3-back,11,Vexing,8
222.0,3-back,11,Vexing,8
223.0,3-back,11,Vexing,8
0.0,3-back,12,Vexing,8
0.0,3-back,12,Vexing,8
0.0,3-back,12,Vexing,8
155.0,3-back,12,Vexing,8
404.0,3-back,12,Vexing,8
700.0,3-back,12,Vexing,8
188.0,3-back,12,Vexing,8
207.0,3-back,12,Vexing,8
830.0,3-back,12,Vexing,8
1039.0,3-back,12,Vexing,8
534.0,3-back,12,Vexing,8
268.0,3-back,12,Vexing,8
283.0,3-back,12,Vexing,8
346.0,3-back,12,Vexing,8
410.0,3-back,12,Vexing,8
124.0,3-back,12,Vexing,8
421.0,3-back,12,Vexing,8
240.0,3-back,12,Vexing,8
659.0,3-back,12,Vexing,8
576.0,3-back,12,Vexing,8
551.0,3-back,12,Vexing,8
204.0,3-back,12,Vexing,8
0.0,1-back,13,Vexing,8
409.0,1-back,13,Vexing,8
470.0,1-back,13,Vexing,8
102.0,1-back,13,Vexing,8
256.0,1-back,13,Vexing,8
207.0,1-back,13,Vexing,8
216.0,1-back,13,Vexing,8
116.0,1-back,13,Vexing,8
132.0,1-back,13,Vexing,8
928.0,1-back,13,Vexing,8
375.0,1-back,13,Vexing,8
286.0,1-back,13,Vexing,8
161.0,1-back,13,Vexing,8
193.0,1-back,13,Vexing,8
218.0,1-back,13,Vexing,8
428.0,1-back,13,Vexing,8
291.0,1-back,13,Vexing,8
527.0,1-back,13,Vexing,8
744.0,1-back,13,Vexing,8
388.0,1-back,13,Vexing,8
371.0,1-back,13,Vexing,8
237.0,1-back,13,Vexing,8
0.0,3-back,14,Vexing,8
0.0,3-back,14,Vexing,8
0.0,3-back,14,Vexing,8
319.0,3-back,14,Vexing,8
589.0,3-back,14,Vexing,8
107.0,3-back,14,Vexing,8
437.0,3-back,14,Vexing,8
276.0,3-back,14,Vexing,8
188.0,3-back,14,Vexing,8
307.0,3-back,14,Vexing,8
454.0,3-back,14,Vexing,8
336.0,3-back,14,Vexing,8
488.0,3-back,14,Vexing,8
1039.0,3-back,14,Vexing,8
412.0,3-back,14,Vexing,8
313.0,3-back,14,Vexing,8
341.0,3-back,14,Vexing,8
389.0,3-back,14,Vexing,8
140.0,3-back,14,Vexing,8
133.0,3-back,14,Vexing,8
260.0,3-back,14,Vexing,8
529.0,3-back,14,Vexing,8
0.0,1-back,15,Vexing,8
11.0,1-back,15,Vexing,8
300.0,1-back,15,Vexing,8
67.0,1-back,15,Vexing,8
215.0,1-back,15,Vexing,8
122.0,1-back,15,Vexing,8
128.0,1-back,15,Vexing,8
65.0,1-back,15,Vexing,8
134.0,1-back,15,Vexing,8
46.0,1-back,15,Vexing,8
163.0,1-back,15,Vexing,8
279.0,1-back,15,Vexing,8
359.0,1-back,15,Vexing,8
421.0,1-back,15,Vexing,8
90.0,1-back,15,Vexing,8
111.0,1-back,15,Vexing,8
542.0,1-back,15,Vexing,8
470.0,1-back,15,Vexing,8
303.0,1-back,15,Vexing,8
239.0,1-back,15,Vexing,8
316.0,1-back,15,Vexing,8
242.0,1-back,15,Vexing,8
0.0,3-back,16,Vexing,8
0.0,3-back,16,Vexing,8
0.0,3-back,16,Vexing,8
221.0,3-back,16,Vexing,8
84.0,3-back,16,Vexing,8
499.0,3-back,16,Vexing,8
277.0,3-back,16,Vexing,8
507.0,3-back,16,Vexing,8
365.0,3-back,16,Vexing,8
484.0,3-back,16,Vexing,8
316.0,3-back,16,Vexing,8
14.0,3-back,16,Vexing,8
629.0,3-back,16,Vexing,8
690.0,3-back,16,Vexing,8
914.0,3-back,16,Vexing,8
434.0,3-back,16,Vexing,8
461.0,3-back,16,Vexing,8
948.0,3-back,16,Vexing,8
365.0,3-back,16,Vexing,8
0.0,3-back,16,Vexing,8
35.0,3-back,16,Vexing,8
285.0,3-back,16,Vexing,8
0.0,1-back,17,Vexing,8
96.0,1-back,17,Vexing,8
238.0,1-back,17,Vexing,8
484.0,1-back,17,Vexing,8
195.0,1-back,17,Vexing,8
233.0,1-back,17,Vexing,8
268.0,1-back,17,Vexing,8
186.0,1-back,17,Vexing,8
243.0,1-back,17,Vexing,8
37.0,1-back,17,Vexing,8
59.0,1-back,17,Vexing,8
208.0,1-back,17,Vexing,8
527.0,1-back,17,Vexing,8
300.0,1-back,17,Vexing,8
336.0,1-back,17,Vexing,8
27.0,1-back,17,Vexing,8
190.0,1-back,17,Vexing,8
61.0,1-back,17,Vexing,8
134.0,1-back,17,Vexing,8
316.0,1-back,17,Vexing,8
291.0,1-back,17,Vexing,8
747.0,1-back,17,Vexing,8
0.0,1-back,1,Calming,4
838.0,1-back,1,Calming,4
374.0,1-back,1,Calming,4
405.0,1-back,1,Calming,4
39.0,1-back,1,Calming,4
190.0,1-back,1,Calming,4
272.0,1-back,1,Calming,4
486.0,1-back,1,Calming,4
165.0,1-back,1,Calming,4
310.0,1-back,1,Calming,4
443.0,1-back,1,Calming,4
184.0,1-back,1,Calming,4
95.0,1-back,1,Calming,4
86.0,1-back,1,Calming,4
92.0,1-back,1,Calming,4
42.0,1-back,1,Calming,4
94.0,1-back,1,Calming,4
378.0,1-back,1,Calming,4
162.0,1-back,1,Calming,4
444.0,1-back,1,Calming,4
310.0,1-back,1,Calming,4
442.0,1-back,1,Calming,4
0.0,3-back,2,Calming,4
0.0,3-back,2,Calming,4
0.0,3-back,2,Calming,4
225.0,3-back,2,Calming,4
377.0,3-back,2,Calming,4
1182.0,3-back,2,Calming,4
1073.0,3-back,2,Calming,4
414.0,3-back,2,Calming,4
913.0,3-back,2,Calming,4
677.0,3-back,2,Calming,4
691.0,3-back,2,Calming,4
565.0,3-back,2,Calming,4
762.0,3-back,2,Calming,4
499.0,3-back,2,Calming,4
271.0,3-back,2,Calming,4
969.0,3-back,2,Calming,4
410.0,3-back,2,Calming,4
957.0,3-back,2,Calming,4
266.0,3-back,2,Calming,4
867.0,3-back,2,Calming,4
523.0,3-back,2,Calming,4
1167.0,3-back,2,Calming,4
0.0,3-back,3,Calming,4
0.0,3-back,3,Calming,4
0.0,3-back,3,Calming,4
219.0,3-back,3,Calming,4
14.0,3-back,3,Calming,4
827.0,3-back,3,Calming,4
295.0,3-back,3,Calming,4
272.0,3-back,3,Calming,4
291.0,3-back,3,Calming,4
970.0,3-back,3,Calming,4
290.0,3-back,3,Calming,4
350.0,3-back,3,Calming,4
281.0,3-back,3,Calming,4
446.0,3-back,3,Calming,4
177.0,3-back,3,Calming,4
536.0,3-back,3,Calming,4
158.0,3-back,3,Calming,4
353.0,3-back,3,Calming,4
0.0,3-back,3,Calming,4
254.0,3-back,3,Calming,4
176.0,3-back,3,Calming,4
1078.0,3-back,3,Calming,4
0.0,1-back,4,Calming,4
1484.0,1-back,4,Calming,4
342.0,1-back,4,Calming,4
592.0,1-back,4,Calming,4
305.0,1-back,4,Calming,4
963.0,1-back,4,Calming,4
389.0,1-back,4,Calming,4
293.0,1-back,4,Calming,4
426.0,1-back,4,Calming,4
281.0,1-back,4,Calming,4
58.0,1-back,4,Calming,4
234.0,1-back,4,Calming,4
372.0,1-back,4,Calming,4
89.0,1-back,4,Calming,4
434.0,1-back,4,Calming,4
471.0,1-back,4,Calming,4
101.0,1-back,4,Calming,4
95.0,1-back,4,Calming,4
98.0,1-back,4,Calming,4
273.0,1-back,4,Calming,4
124.0,1-back,4,Calming,4
431.0,1-back,4,Calming,4
0.0,3-back,5,Calming,4
0.0,3-back,5,Calming,4
0.0,3-back,5,Calming,4
754.0,3-back,5,Calming,4
871.0,3-back,5,Calming,4
379.0,3-back,5,Calming,4
919.0,3-back,5,Calming,4
0.0,3-back,5,Calming,4
193.0,3-back,5,Calming,4
748.0,3-back,5,Calming,4
1110.0,3-back,5,Calming,4
486.0,3-back,5,Calming,4
795.0,3-back,5,Calming,4
710.0,3-back,5,Calming,4
262.0,3-back,5,Calming,4
345.0,3-back,5,Calming,4
426.0,3-back,5,Calming,4
270.0,3-back,5,Calming,4
480.0,3-back,5,Calming,4
359.0,3-back,5,Calming,4
204.0,3-back,5,Calming,4
824.0,3-back,5,Calming,4
0.0,1-back,6,Calming,4
624.0,1-back,6,Calming,4
388.0,1-back,6,Calming,4
29.0,1-back,6,Calming,4
633.0,1-back,6,Calming,4
206.0,1-back,6,Calming,4
304.0,1-back,6,Calming,4
0.0,1-back,6,Calming,4
482.0,1-back,6,Calming,4
378.0,1-back,6,Calming,4
476.0,1-back,6,Calming,4
232.0,1-back,6,Calming,4
241.0,1-back,6,Calming,4
0.0,1-back,6,Calming,4
0.0,1-back,6,Calming,4
0.0,1-back,6,Calming,4
453.0,1-back,6,Calming,4
81.0,1-back,6,Calming,4
361.0,1-back,6,Calming,4
168.0,1-back,6,Calming,4
470.0,1-back,6,Calming,4
0.0,1-back,6,Calming,4
0.0,1-back,7,Calming,4
753.0,1-back,7,Calming,4
17.0,1-back,7,Calming,4
465.0,1-back,7,Calming,4
156.0,1-back,7,Calming,4
200.0,1-back,7,Calming,4
372.0,1-back,7,Calming,4
465.0,1-back,7,Calming,4
448.0,1-back,7,Calming,4
402.0,1-back,7,Calming,4
161.0,1-back,7,Calming,4
185.0,1-back,7,Calming,4
33.0,1-back,7,Calming,4
17.0,1-back,7,Calming,4
31.0,1-back,7,Calming,4
465.0,1-back,7,Calming,4
452.0,1-back,7,Calming,4
251.0,1-back,7,Calming,4
154.0,1-back,7,Calming,4
240.0,1-back,7,Calming,4
447.0,1-back,7,Calming,4
428.0,1-back,7,Calming,4
0.0,3-back,8,Calming,4
0.0,3-back,8,Calming,4
0.0,3-back,8,Calming,4
303.0,3-back,8,Calming,4
213.0,3-back,8,Calming,4
151.0,3-back,8,Calming,4
431.0,3-back,8,Calming,4
211.0,3-back,8,Calming,4
472.0,3-back,8,Calming,4
955.0,3-back,8,Calming,4
202.0,3-back,8,Calming,4
432.0,3-back,8,Calming,4
317.0,3-back,8,Calming,4
602.0,3-back,8,Calming,4
295.0,3-back,8,Calming,4
376.0,3-back,8,Calming,4
381.0,3-back,8,Calming,4
353.0,3-back,8,Calming,4
236.0,3-back,8,Calming,4
345.0,3-back,8,Calming,4
685.0,3-back,8,Calming,4
364.0,3-back,8,Calming,4
0.0,3-back,10,Calming,4
0.0,3-back,10,Calming,4
0.0,3-back,10,Calming,4
2.0,3-back,10,Calming,4
109.0,3-back,10,Calming,4
118.0,3-back,10,Calming,4
165.0,3-back,10,Calming,4
674.0,3-back,10,Calming,4
1200.0,3-back,10,Calming,4
458.0,3-back,10,Calming,4
389.0,3-back,10,Calming,4
1190.0,3-back,10,Calming,4
1232.0,3-back,10,Calming,4
984.0,3-back,10,Calming,4
342.0,3-back,10,Calming,4
255.0,3-back,10,Calming,4
702.0,3-back,10,Calming,4
0.0,3-back,10,Calming,4
608.0,3-back,10,Calming,4
372.0,3-back,10,Calming,4
452.0,3-back,10,Calming,4
557.0,3-back,10,Calming,4
0.0,1-back,11,Calming,4
29.0,1-back,11,Calming,4
34.0,1-back,11,Calming,4
431.0,1-back,11,Calming,4
471.0,1-back,11,Calming,4
367.0,1-back,11,Calming,4
112.0,1-back,11,Calming,4
408.0,1-back,11,Calming,4
417.0,1-back,11,Calming,4
438.0,1-back,11,Calming,4
6.0,1-back,11,Calming,4
242.0,1-back,11,Calming,4
472.0,1-back,11,Calming,4
453.0,1-back,11,Calming,4
23.0,1-back,11,Calming,4
110.0,1-back,11,Calming,4
107.0,1-back,11,Calming,4
134.0,1-back,11,Calming,4
308.0,1-back,11,Calming,4
425.0,1-back,11,Calming,4
362.0,1-back,11,Calming,4
304.0,1-back,11,Calming,4
0.0,1-back,12,Calming,4
0.0,1-back,12,Calming,4
62.0,1-back,12,Calming,4
459.0,1-back,12,Calming,4
37.0,1-back,12,Calming,4
443.0,1-back,12,Calming,4
76.0,1-back,12,Calming,4
4.0,1-back,12,Calming,4
21.0,1-back,12,Calming,4
57.0,1-back,12,Calming,4
402.0,1-back,12,Calming,4
191.0,1-back,12,Calming,4
454.0,1-back,12,Calming,4
404.0,1-back,12,Calming,4
488.0,1-back,12,Calming,4
372.0,1-back,12,Calming,4
166.0,1-back,12,Calming,4
368.0,1-back,12,Calming,4
471.0,1-back,12,Calming,4
146.0,1-back,12,Calming,4
444.0,1-back,12,Calming,4
171.0,1-back,12,Calming,4
0.0,3-back,13,Calming,4
0.0,3-back,13,Calming,4
0.0,3-back,13,Calming,4
265.0,3-back,13,Calming,4
342.0,3-back,13,Calming,4
209.0,3-back,13,Calming,4
428.0,3-back,13,Calming,4
486.0,3-back,13,Calming,4
578.0,3-back,13,Calming,4
567.0,3-back,13,Calming,4
988.0,3-back,13,Calming,4
615.0,3-back,13,Calming,4
224.0,3-back,13,Calming,4
330.0,3-back,13,Calming,4
294.0,3-back,13,Calming,4
304.0,3-back,13,Calming,4
797.0,3-back,13,Calming,4
179.0,3-back,13,Calming,4
549.0,3-back,13,Calming,4
444.0,3-back,13,Calming,4
291.0,3-back,13,Calming,4
242.0,3-back,13,Calming,4
0.0,3-back,14,Calming,4
0.0,3-back,14,Calming,4
0.0,3-back,14,Calming,4
457.0,3-back,14,Calming,4
306.0,3-back,14,Calming,4
311.0,3-back,14,Calming,4
233.0,3-back,14,Calming,4
249.0,3-back,14,Calming,4
86.0,3-back,14,Calming,4
984.0,3-back,14,Calming,4
708.0,3-back,14,Calming,4
354.0,3-back,14,Calming,4
65.0,3-back,14,Calming,4
500.0,3-back,14,Calming,4
0.0,3-back,14,Calming,4
454.0,3-back,14,Calming,4
579.0,3-back,14,Calming,4
373.0,3-back,14,Calming,4
279.0,3-back,14,Calming,4
5.0,3-back,14,Calming,4
169.0,3-back,14,Calming,4
376.0,3-back,14,Calming,4
0.0,1-back,15,Calming,4
0.0,1-back,15,Calming,4
414.0,1-back,15,Calming,4
748.0,1-back,15,Calming,4
190.0,1-back,15,Calming,4
202.0,1-back,15,Calming,4
494.0,1-back,15,Calming,4
34.0,1-back,15,Calming,4
461.0,1-back,15,Calming,4
380.0,1-back,15,Calming,4
447.0,1-back,15,Calming,4
0.0,1-back,15,Calming,4
420.0,1-back,15,Calming,4
168.0,1-back,15,Calming,4
494.0,1-back,15,Calming,4
318.0,1-back,15,Calming,4
198.0,1-back,15,Calming,4
307.0,1-back,15,Calming,4
622.0,1-back,15,Calming,4
463.0,1-back,15,Calming,4
366.0,1-back,15,Calming,4
225.0,1-back,15,Calming,4
0.0,3-back,16,Calming,4
0.0,3-back,16,Calming,4
0.0,3-back,16,Calming,4
110.0,3-back,16,Calming,4
26.0,3-back,16,Calming,4
227.0,3-back,16,Calming,4
369.0,3-back,16,Calming,4
287.0,3-back,16,Calming,4
697.0,3-back,16,Calming,4
874.0,3-back,16,Calming,4
1111.0,3-back,16,Calming,4
539.0,3-back,16,Calming,4
542.0,3-back,16,Calming,4
458.0,3-back,16,Calming,4
1205.0,3-back,16,Calming,4
562.0,3-back,16,Calming,4
275.0,3-back,16,Calming,4
279.0,3-back,16,Calming,4
203.0,3-back,16,Calming,4
408.0,3-back,16,Calming,4
195.0,3-back,16,Calming,4
370.0,3-back,16,Calming,4
0.0,1-back,17,Calming,4
100.0,1-back,17,Calming,4
0.0,1-back,17,Calming,4
36.0,1-back,17,Calming,4
403.0,1-back,17,Calming,4
226.0,1-back,17,Calming,4
401.0,1-back,17,Calming,4
478.0,1-back,17,Calming,4
457.0,1-back,17,Calming,4
428.0,1-back,17,Calming,4
32.0,1-back,17,Calming,4
23.0,1-back,17,Calming,4
236.0,1-back,17,Calming,4
404.0,1-back,17,Calming,4
446.0,1-back,17,Calming,4
475.0,1-back,17,Calming,4
370.0,1-back,17,Calming,4
432.0,1-back,17,Calming,4
414.0,1-back,17,Calming,4
384.0,1-back,17,Calming,4
377.0,1-back,17,Calming,4
459.0,1-back,17,Calming,4
0.0,1-back,1,Calming,6
433.0,1-back,1,Calming,6
395.0,1-back,1,Calming,6
36.0,1-back,1,Calming,6
453.0,1-back,1,Calming,6
437.0,1-back,1,Calming,6
24.0,1-back,1,Calming,6
437.0,1-back,1,Calming,6
109.0,1-back,1,Calming,6
0.0,1-back,1,Calming,6
304.0,1-back,1,Calming,6
0.0,1-back,1,Calming,6
444.0,1-back,1,Calming,6
328.0,1-back,1,Calming,6
437.0,1-back,1,Calming,6
446.0,1-back,1,Calming,6
453.0,1-back,1,Calming,6
455.0,1-back,1,Calming,6
357.0,1-back,1,Calming,6
379.0,1-back,1,Calming,6
360.0,1-back,1,Calming,6
227.0,1-back,1,Calming,6
0.0,3-back,2,Calming,6
0.0,3-back,2,Calming,6
0.0,3-back,2,Calming,6
267.0,3-back,2,Calming,6
495.0,3-back,2,Calming,6
284.0,3-back,2,Calming,6
329.0,3-back,2,Calming,6
14.0,3-back,2,Calming,6
406.0,3-back,2,Calming,6
0.0,3-back,2,Calming,6
254.0,3-back,2,Calming,6
0.0,3-back,2,Calming,6
426.0,3-back,2,Calming,6
193.0,3-back,2,Calming,6
460.0,3-back,2,Calming,6
288.0,3-back,2,Calming,6
0.0,3-back,2,Calming,6
230.0,3-back,2,Calming,6
488.0,3-back,2,Calming,6
338.0,3-back,2,Calming,6
319.0,3-back,2,Calming,6
31.0,3-back,2,Calming,6
0.0,3-back,3,Calming,6
0.0,3-back,3,Calming,6
0.0,3-back,3,Calming,6
415.0,3-back,3,Calming,6
187.0,3-back,3,Calming,6
52.0,3-back,3,Calming,6
218.0,3-back,3,Calming,6
0.0,3-back,3,Calming,6
15.0,3-back,3,Calming,6
370.0,3-back,3,Calming,6
462.0,3-back,3,Calming,6
0.0,3-back,3,Calming,6
419.0,3-back,3,Calming,6
160.0,3-back,3,Calming,6
112.0,3-back,3,Calming,6
112.0,3-back,3,Calming,6
345.0,3-back,3,Calming,6
44.0,3-back,3,Calming,6
190.0,3-back,3,Calming,6
431.0,3-back,3,Calming,6
391.0,3-back,3,Calming,6
328.0,3-back,3,Calming,6
0.0,1-back,4,Calming,6
297.0,1-back,4,Calming,6
268.0,1-back,4,Calming,6
159.0,1-back,4,Calming,6
193.0,1-back,4,Calming,6
176.0,1-back,4,Calming,6
168.0,1-back,4,Calming,6
363.0,1-back,4,Calming,6
272.0,1-back,4,Calming,6
298.0,1-back,4,Calming,6
430.0,1-back,4,Calming,6
211.0,1-back,4,Calming,6
368.0,1-back,4,Calming,6
314.0,1-back,4,Calming,6
444.0,1-back,4,Calming,6
313.0,1-back,4,Calming,6
302.0,1-back,4,Calming,6
220.0,1-back,4,Calming,6
346.0,1-back,4,Calming,6
250.0,1-back,4,Calming,6
309.0,1-back,4,Calming,6
317.0,1-back,4,Calming,6
0.0,3-back,5,Calming,6
0.0,3-back,5,Calming,6
0.0,3-back,5,Calming,6
323.0,3-back,5,Calming,6
444.0,3-back,5,Calming,6
336.0,3-back,5,Calming,6
488.0,3-back,5,Calming,6
426.0,3-back,5,Calming,6
150.0,3-back,5,Calming,6
11.0,3-back,5,Calming,6
412.0,3-back,5,Calming,6
447.0,3-back,5,Calming,6
493.0,3-back,5,Calming,6
375.0,3-back,5,Calming,6
346.0,3-back,5,Calming,6
348.0,3-back,5,Calming,6
406.0,3-back,5,Calming,6
67.0,3-back,5,Calming,6
478.0,3-back,5,Calming,6
451.0,3-back,5,Calming,6
214.0,3-back,5,Calming,6
211.0,3-back,5,Calming,6
0.0,1-back,6,Calming,6
295.0,1-back,6,Calming,6
352.0,1-back,6,Calming,6
209.0,1-back,6,Calming,6
223.0,1-back,6,Calming,6
433.0,1-back,6,Calming,6
227.0,1-back,6,Calming,6
352.0,1-back,6,Calming,6
233.0,1-back,6,Calming,6
266.0,1-back,6,Calming,6
321.0,1-back,6,Calming,6
198.0,1-back,6,Calming,6
257.0,1-back,6,Calming,6
301.0,1-back,6,Calming,6
356.0,1-back,6,Calming,6
302.0,1-back,6,Calming,6
210.0,1-back,6,Calming,6
412.0,1-back,6,Calming,6
225.0,1-back,6,Calming,6
248.0,1-back,6,Calming,6
158.0,1-back,6,Calming,6
265.0,1-back,6,Calming,6
0.0,1-back,7,Calming,6
293.0,1-back,7,Calming,6
238.0,1-back,7,Calming,6
340.0,1-back,7,Calming,6
264.0,1-back,7,Calming,6
244.0,1-back,7,Calming,6
211.0,1-back,7,Calming,6
83.0,1-back,7,Calming,6
159.0,1-back,7,Calming,6
0.0,1-back,7,Calming,6
459.0,1-back,7,Calming,6
362.0,1-back,7,Calming,6
382.0,1-back,7,Calming,6
366.0,1-back,7,Calming,6
375.0,1-back,7,Calming,6
401.0,1-back,7,Calming,6
299.0,1-back,7,Calming,6
479.0,1-back,7,Calming,6
330.0,1-back,7,Calming,6
216.0,1-back,7,Calming,6
236.0,1-back,7,Calming,6
243.0,1-back,7,Calming,6
0.0,3-back,8,Calming,6
0.0,3-back,8,Calming,6
0.0,3-back,8,Calming,6
297.0,3-back,8,Calming,6
365.0,3-back,8,Calming,6
0.0,3-back,8,Calming,6
0.0,3-back,8,Calming,6
412.0,3-back,8,Calming,6
400.0,3-back,8,Calming,6
652.0,3-back,8,Calming,6
470.0,3-back,8,Calming,6
328.0,3-back,8,Calming,6
0.0,3-back,8,Calming,6
0.0,3-back,8,Calming,6
224.0,3-back,8,Calming,6
361.0,3-back,8,Calming,6
5.0,3-back,8,Calming,6
433.0,3-back,8,Calming,6
115.0,3-back,8,Calming,6
82.0,3-back,8,Calming,6
7.0,3-back,8,Calming,6
171.0,3-back,8,Calming,6
0.0,3-back,10,Calming,6
0.0,3-back,10,Calming,6
0.0,3-back,10,Calming,6
379.0,3-back,10,Calming,6
289.0,3-back,10,Calming,6
313.0,3-back,10,Calming,6
476.0,3-back,10,Calming,6
412.0,3-back,10,Calming,6
33.0,3-back,10,Calming,6
415.0,3-back,10,Calming,6
371.0,3-back,10,Calming,6
486.0,3-back,10,Calming,6
489.0,3-back,10,Calming,6
419.0,3-back,10,Calming,6
0.0,3-back,10,Calming,6
0.0,3-back,10,Calming,6
201.0,3-back,10,Calming,6
227.0,3-back,10,Calming,6
425.0,3-back,10,Calming,6
24.0,3-back,10,Calming,6
213.0,3-back,10,Calming,6
314.0,3-back,10,Calming,6
0.0,1-back,11,Calming,6
0.0,1-back,11,Calming,6
0.0,1-back,11,Calming,6
346.0,1-back,11,Calming,6
237.0,1-back,11,Calming,6
455.0,1-back,11,Calming,6
348.0,1-back,11,Calming,6
273.0,1-back,11,Calming,6
286.0,1-back,11,Calming,6
30.0,1-back,11,Calming,6
422.0,1-back,11,Calming,6
391.0,1-back,11,Calming,6
374.0,1-back,11,Calming,6
374.0,1-back,11,Calming,6
308.0,1-back,11,Calming,6
368.0,1-back,11,Calming,6
338.0,1-back,11,Calming,6
300.0,1-back,11,Calming,6
452.0,1-back,11,Calming,6
45.0,1-back,11,Calming,6
291.0,1-back,11,Calming,6
385.0,1-back,11,Calming,6
0.0,1-back,12,Calming,6
0.0,1-back,12,Calming,6
314.0,1-back,12,Calming,6
192.0,1-back,12,Calming,6
285.0,1-back,12,Calming,6
271.0,1-back,12,Calming,6
363.0,1-back,12,Calming,6
177.0,1-back,12,Calming,6
441.0,1-back,12,Calming,6
305.0,1-back,12,Calming,6
448.0,1-back,12,Calming,6
225.0,1-back,12,Calming,6
257.0,1-back,12,Calming,6
322.0,1-back,12,Calming,6
434.0,1-back,12,Calming,6
267.0,1-back,12,Calming,6
266.0,1-back,12,Calming,6
244.0,1-back,12,Calming,6
188.0,1-back,12,Calming,6
195.0,1-back,12,Calming,6
285.0,1-back,12,Calming,6
196.0,1-back,12,Calming,6
0.0,3-back,13,Calming,6
0.0,3-back,13,Calming,6
0.0,3-back,13,Calming,6
250.0,3-back,13,Calming,6
0.0,3-back,13,Calming,6
291.0,3-back,13,Calming,6
279.0,3-back,13,Calming,6
143.0,3-back,13,Calming,6
466.0,3-back,13,Calming,6
17.0,3-back,13,Calming,6
86.0,3-back,13,Calming,6
214.0,3-back,13,Calming,6
456.0,3-back,13,Calming,6
323.0,3-back,13,Calming,6
341.0,3-back,13,Calming,6
0.0,3-back,13,Calming,6
469.0,3-back,13,Calming,6
0.0,3-back,13,Calming,6
33.0,3-back,13,Calming,6
170.0,3-back,13,Calming,6
82.0,3-back,13,Calming,6
118.0,3-back,13,Calming,6
0.0,3-back,14,Calming,6
0.0,3-back,14,Calming,6
0.0,3-back,14,Calming,6
16.0,3-back,14,Calming,6
458.0,3-back,14,Calming,6
0.0,3-back,14,Calming,6
201.0,3-back,14,Calming,6
14.0,3-back,14,Calming,6
451.0,3-back,14,Calming,6
0.0,3-back,14,Calming,6
371.0,3-back,14,Calming,6
269.0,3-back,14,Calming,6
0.0,3-back,14,Calming,6
436.0,3-back,14,Calming,6
0.0,3-back,14,Calming,6
344.0,3-back,14,Calming,6
384.0,3-back,14,Calming,6
0.0,3-back,14,Calming,6
97.0,3-back,14,Calming,6
466.0,3-back,14,Calming,6
0.0,3-back,14,Calming,6
56.0,3-back,14,Calming,6
0.0,1-back,15,Calming,6
345.0,1-back,15,Calming,6
253.0,1-back,15,Calming,6
257.0,1-back,15,Calming,6
267.0,1-back,15,Calming,6
439.0,1-back,15,Calming,6
315.0,1-back,15,Calming,6
343.0,1-back,15,Calming,6
338.0,1-back,15,Calming,6
304.0,1-back,15,Calming,6
385.0,1-back,15,Calming,6
350.0,1-back,15,Calming,6
317.0,1-back,15,Calming,6
71.0,1-back,15,Calming,6
371.0,1-back,15,Calming,6
356.0,1-back,15,Calming,6
362.0,1-back,15,Calming,6
311.0,1-back,15,Calming,6
334.0,1-back,15,Calming,6
368.0,1-back,15,Calming,6
367.0,1-back,15,Calming,6
382.0,1-back,15,Calming,6
0.0,3-back,16,Calming,6
0.0,3-back,16,Calming,6
0.0,3-back,16,Calming,6
144.0,3-back,16,Calming,6
198.0,3-back,16,Calming,6
355.0,3-back,16,Calming,6
309.0,3-back,16,Calming,6
247.0,3-back,16,Calming,6
322.0,3-back,16,Calming,6
11.0,3-back,16,Calming,6
374.0,3-back,16,Calming,6
419.0,3-back,16,Calming,6
319.0,3-back,16,Calming,6
367.0,3-back,16,Calming,6
224.0,3-back,16,Calming,6
226.0,3-back,16,Calming,6
55.0,3-back,16,Calming,6
455.0,3-back,16,Calming,6
471.0,3-back,16,Calming,6
20.0,3-back,16,Calming,6
341.0,3-back,16,Calming,6
403.0,3-back,16,Calming,6
0.0,1-back,17,Calming,6
365.0,1-back,17,Calming,6
239.0,1-back,17,Calming,6
311.0,1-back,17,Calming,6
235.0,1-back,17,Calming,6
251.0,1-back,17,Calming,6
321.0,1-back,17,Calming,6
309.0,1-back,17,Calming,6
349.0,1-back,17,Calming,6
378.0,1-back,17,Calming,6
417.0,1-back,17,Calming,6
149.0,1-back,17,Calming,6
231.0,1-back,17,Calming,6
241.0,1-back,17,Calming,6
274.0,1-back,17,Calming,6
230.0,1-back,17,Calming,6
258.0,1-back,17,Calming,6
0.0,1-back,17,Calming,6
321.0,1-back,17,Calming,6
228.0,1-back,17,Calming,6
191.0,1-back,17,Calming,6
189.0,1-back,17,Calming,6
0.0,1-back,1,Vexing,6
257.0,1-back,1,Vexing,6
236.0,1-back,1,Vexing,6
353.0,1-back,1,Vexing,6
331.0,1-back,1,Vexing,6
314.0,1-back,1,Vexing,6
185.0,1-back,1,Vexing,6
243.0,1-back,1,Vexing,6
184.0,1-back,1,Vexing,6
329.0,1-back,1,Vexing,6
230.0,1-back,1,Vexing,6
366.0,1-back,1,Vexing,6
323.0,1-back,1,Vexing,6
274.0,1-back,1,Vexing,6
326.0,1-back,1,Vexing,6
231.0,1-back,1,Vexing,6
325.0,1-back,1,Vexing,6
289.0,1-back,1,Vexing,6
273.0,1-back,1,Vexing,6
295.0,1-back,1,Vexing,6
366.0,1-back,1,Vexing,6
296.0,1-back,1,Vexing,6
0.0,3-back,2,Vexing,6
0.0,3-back,2,Vexing,6
0.0,3-back,2,Vexing,6
322.0,3-back,2,Vexing,6
396.0,3-back,2,Vexing,6
59.0,3-back,2,Vexing,6
81.0,3-back,2,Vexing,6
390.0,3-back,2,Vexing,6
300.0,3-back,2,Vexing,6
76.0,3-back,2,Vexing,6
331.0,3-back,2,Vexing,6
304.0,3-back,2,Vexing,6
0.0,3-back,2,Vexing,6
271.0,3-back,2,Vexing,6
157.0,3-back,2,Vexing,6
345.0,3-back,2,Vexing,6
368.0,3-back,2,Vexing,6
425.0,3-back,2,Vexing,6
13.0,3-back,2,Vexing,6
14.0,3-back,2,Vexing,6
286.0,3-back,2,Vexing,6
319.0,3-back,2,Vexing,6
0.0,1-back,3,Vexing,6
0.0,1-back,3,Vexing,6
208.0,1-back,3,Vexing,6
352.0,1-back,3,Vexing,6
330.0,1-back,3,Vexing,6
241.0,1-back,3,Vexing,6
276.0,1-back,3,Vexing,6
338.0,1-back,3,Vexing,6
213.0,1-back,3,Vexing,6
290.0,1-back,3,Vexing,6
261.0,1-back,3,Vexing,6
301.0,1-back,3,Vexing,6
256.0,1-back,3,Vexing,6
269.0,1-back,3,Vexing,6
220.0,1-back,3,Vexing,6
323.0,1-back,3,Vexing,6
333.0,1-back,3,Vexing,6
206.0,1-back,3,Vexing,6
328.0,1-back,3,Vexing,6
344.0,1-back,3,Vexing,6
388.0,1-back,3,Vexing,6
256.0,1-back,3,Vexing,6
0.0,3-back,4,Vexing,6
0.0,3-back,4,Vexing,6
0.0,3-back,4,Vexing,6
301.0,3-back,4,Vexing,6
342.0,3-back,4,Vexing,6
343.0,3-back,4,Vexing,6
300.0,3-back,4,Vexing,6
400.0,3-back,4,Vexing,6
466.0,3-back,4,Vexing,6
111.0,3-back,4,Vexing,6
97.0,3-back,4,Vexing,6
0.0,3-back,4,Vexing,6
0.0,3-back,4,Vexing,6
0.0,3-back,4,Vexing,6
0.0,3-back,4,Vexing,6
354.0,3-back,4,Vexing,6
441.0,3-back,4,Vexing,6
327.0,3-back,4,Vexing,6
259.0,3-back,4,Vexing,6
438.0,3-back,4,Vexing,6
0.0,3-back,4,Vexing,6
367.0,3-back,4,Vexing,6
472.0,1-back,5,Vexing,6
322.0,1-back,5,Vexing,6
359.0,1-back,5,Vexing,6
403.0,1-back,5,Vexing,6
280.0,1-back,5,Vexing,6
311.0,1-back,5,Vexing,6
280.0,1-back,5,Vexing,6
325.0,1-back,5,Vexing,6
411.0,1-back,5,Vexing,6
347.0,1-back,5,Vexing,6
353.0,1-back,5,Vexing,6
290.0,1-back,5,Vexing,6
271.0,1-back,5,Vexing,6
256.0,1-back,5,Vexing,6
306.0,1-back,5,Vexing,6
63.0,1-back,5,Vexing,6
358.0,1-back,5,Vexing,6
250.0,1-back,5,Vexing,6
21.0,1-back,5,Vexing,6
264.0,1-back,5,Vexing,6
265.0,1-back,5,Vexing,6
227.0,1-back,5,Vexing,6
0.0,3-back,6,Vexing,6
0.0,3-back,6,Vexing,6
0.0,3-back,6,Vexing,6
1032.0,3-back,6,Vexing,6
122.0,3-back,6,Vexing,6
183.0,3-back,6,Vexing,6
170.0,3-back,6,Vexing,6
350.0,3-back,6,Vexing,6
0.0,3-back,6,Vexing,6
0.0,3-back,6,Vexing,6
368.0,3-back,6,Vexing,6
368.0,3-back,6,Vexing,6
419.0,3-back,6,Vexing,6
0.0,3-back,6,Vexing,6
430.0,3-back,6,Vexing,6
499.0,3-back,6,Vexing,6
185.0,3-back,6,Vexing,6
361.0,3-back,6,Vexing,6
217.0,3-back,6,Vexing,6
455.0,3-back,6,Vexing,6
941.0,3-back,6,Vexing,6
476.0,3-back,6,Vexing,6
0.0,1-back,7,Vexing,6
311.0,1-back,7,Vexing,6
350.0,1-back,7,Vexing,6
240.0,1-back,7,Vexing,6
199.0,1-back,7,Vexing,6
218.0,1-back,7,Vexing,6
203.0,1-back,7,Vexing,6
168.0,1-back,7,Vexing,6
224.0,1-back,7,Vexing,6
380.0,1-back,7,Vexing,6
300.0,1-back,7,Vexing,6
257.0,1-back,7,Vexing,6
403.0,1-back,7,Vexing,6
211.0,1-back,7,Vexing,6
414.0,1-back,7,Vexing,6
304.0,1-back,7,Vexing,6
242.0,1-back,7,Vexing,6
211.0,1-back,7,Vexing,6
386.0,1-back,7,Vexing,6
179.0,1-back,7,Vexing,6
136.0,1-back,7,Vexing,6
420.0,1-back,7,Vexing,6
0.0,3-back,8,Vexing,6
0.0,3-back,8,Vexing,6
0.0,3-back,8,Vexing,6
308.0,3-back,8,Vexing,6
303.0,3-back,8,Vexing,6
348.0,3-back,8,Vexing,6
357.0,3-back,8,Vexing,6
368.0,3-back,8,Vexing,6
309.0,3-back,8,Vexing,6
344.0,3-back,8,Vexing,6
243.0,3-back,8,Vexing,6
325.0,3-back,8,Vexing,6
12.0,3-back,8,Vexing,6
467.0,3-back,8,Vexing,6
389.0,3-back,8,Vexing,6
457.0,3-back,8,Vexing,6
351.0,3-back,8,Vexing,6
435.0,3-back,8,Vexing,6
344.0,3-back,8,Vexing,6
0.0,3-back,8,Vexing,6
116.0,3-back,8,Vexing,6
428.0,3-back,8,Vexing,6
0.0,1-back,10,Vexing,6
281.0,1-back,10,Vexing,6
432.0,1-back,10,Vexing,6
287.0,1-back,10,Vexing,6
258.0,1-back,10,Vexing,6
390.0,1-back,10,Vexing,6
251.0,1-back,10,Vexing,6
228.0,1-back,10,Vexing,6
335.0,1-back,10,Vexing,6
283.0,1-back,10,Vexing,6
56.0,1-back,10,Vexing,6
317.0,1-back,10,Vexing,6
252.0,1-back,10,Vexing,6
226.0,1-back,10,Vexing,6
90.0,1-back,10,Vexing,6
351.0,1-back,10,Vexing,6
227.0,1-back,10,Vexing,6
297.0,1-back,10,Vexing,6
252.0,1-back,10,Vexing,6
326.0,1-back,10,Vexing,6
202.0,1-back,10,Vexing,6
202.0,1-back,10,Vexing,6
0.0,3-back,11,Vexing,6
0.0,3-back,11,Vexing,6
0.0,3-back,11,Vexing,6
335.0,3-back,11,Vexing,6
282.0,3-back,11,Vexing,6
360.0,3-back,11,Vexing,6
341.0,3-back,11,Vexing,6
355.0,3-back,11,Vexing,6
311.0,3-back,11,Vexing,6
344.0,3-back,11,Vexing,6
338.0,3-back,11,Vexing,6
360.0,3-back,11,Vexing,6
367.0,3-back,11,Vexing,6
340.0,3-back,11,Vexing,6
421.0,3-back,11,Vexing,6
312.0,3-back,11,Vexing,6
0.0,3-back,11,Vexing,6
437.0,3-back,11,Vexing,6
9.0,3-back,11,Vexing,6
405.0,3-back,11,Vexing,6
117.0,3-back,11,Vexing,6
0.0,3-back,11,Vexing,6
0.0,3-back,12,Vexing,6
0.0,3-back,12,Vexing,6
0.0,3-back,12,Vexing,6
334.0,3-back,12,Vexing,6
0.0,3-back,12,Vexing,6
469.0,3-back,12,Vexing,6
312.0,3-back,12,Vexing,6
300.0,3-back,12,Vexing,6
303.0,3-back,12,Vexing,6
384.0,3-back,12,Vexing,6
34.0,3-back,12,Vexing,6
164.0,3-back,12,Vexing,6
36.0,3-back,12,Vexing,6
27.0,3-back,12,Vexing,6
425.0,3-back,12,Vexing,6
15.0,3-back,12,Vexing,6
355.0,3-back,12,Vexing,6
486.0,3-back,12,Vexing,6
535.0,3-back,12,Vexing,6
435.0,3-back,12,Vexing,6
0.0,3-back,12,Vexing,6
317.0,3-back,12,Vexing,6
0.0,1-back,13,Vexing,6
414.0,1-back,13,Vexing,6
315.0,1-back,13,Vexing,6
193.0,1-back,13,Vexing,6
252.0,1-back,13,Vexing,6
295.0,1-back,13,Vexing,6
218.0,1-back,13,Vexing,6
380.0,1-back,13,Vexing,6
263.0,1-back,13,Vexing,6
247.0,1-back,13,Vexing,6
380.0,1-back,13,Vexing,6
281.0,1-back,13,Vexing,6
322.0,1-back,13,Vexing,6
274.0,1-back,13,Vexing,6
207.0,1-back,13,Vexing,6
261.0,1-back,13,Vexing,6
242.0,1-back,13,Vexing,6
367.0,1-back,13,Vexing,6
325.0,1-back,13,Vexing,6
311.0,1-back,13,Vexing,6
462.0,1-back,13,Vexing,6
286.0,1-back,13,Vexing,6
0.0,3-back,14,Vexing,6
0.0,3-back,14,Vexing,6
0.0,3-back,14,Vexing,6
306.0,3-back,14,Vexing,6
258.0,3-back,14,Vexing,6
260.0,3-back,14,Vexing,6
388.0,3-back,14,Vexing,6
272.0,3-back,14,Vexing,6
363.0,3-back,14,Vexing,6
328.0,3-back,14,Vexing,6
296.0,3-back,14,Vexing,6
338.0,3-back,14,Vexing,6
339.0,3-back,14,Vexing,6
353.0,3-back,14,Vexing,6
405.0,3-back,14,Vexing,6
342.0,3-back,14,Vexing,6
305.0,3-back,14,Vexing,6
393.0,3-back,14,Vexing,6
329.0,3-back,14,Vexing,6
441.0,3-back,14,Vexing,6
158.0,3-back,14,Vexing,6
425.0,3-back,14,Vexing,6
0.0,1-back,15,Vexing,6
14.0,1-back,15,Vexing,6
376.0,1-back,15,Vexing,6
277.0,1-back,15,Vexing,6
243.0,1-back,15,Vexing,6
230.0,1-back,15,Vexing,6
326.0,1-back,15,Vexing,6
237.0,1-back,15,Vexing,6
278.0,1-back,15,Vexing,6
191.0,1-back,15,Vexing,6
337.0,1-back,15,Vexing,6
240.0,1-back,15,Vexing,6
233.0,1-back,15,Vexing,6
222.0,1-back,15,Vexing,6
260.0,1-back,15,Vexing,6
237.0,1-back,15,Vexing,6
343.0,1-back,15,Vexing,6
351.0,1-back,15,Vexing,6
335.0,1-back,15,Vexing,6
260.0,1-back,15,Vexing,6
272.0,1-back,15,Vexing,6
201.0,1-back,15,Vexing,6
0.0,3-back,16,Vexing,6
0.0,3-back,16,Vexing,6
0.0,3-back,16,Vexing,6
254.0,3-back,16,Vexing,6
247.0,3-back,16,Vexing,6
296.0,3-back,16,Vexing,6
265.0,3-back,16,Vexing,6
178.0,3-back,16,Vexing,6
396.0,3-back,16,Vexing,6
304.0,3-back,16,Vexing,6
494.0,3-back,16,Vexing,6
0.0,3-back,16,Vexing,6
125.0,3-back,16,Vexing,6
0.0,3-back,16,Vexing,6
274.0,3-back,16,Vexing,6
127.0,3-back,16,Vexing,6
293.0,3-back,16,Vexing,6
462.0,3-back,16,Vexing,6
327.0,3-back,16,Vexing,6
384.0,3-back,16,Vexing,6
303.0,3-back,16,Vexing,6
490.0,3-back,16,Vexing,6
0.0,1-back,17,Vexing,6
0.0,1-back,17,Vexing,6
260.0,1-back,17,Vexing,6
136.0,1-back,17,Vexing,6
218.0,1-back,17,Vexing,6
235.0,1-back,17,Vexing,6
349.0,1-back,17,Vexing,6
279.0,1-back,17,Vexing,6
257.0,1-back,17,Vexing,6
287.0,1-back,17,Vexing,6
183.0,1-back,17,Vexing,6
349.0,1-back,17,Vexing,6
216.0,1-back,17,Vexing,6
200.0,1-back,17,Vexing,6
376.0,1-back,17,Vexing,6
182.0,1-back,17,Vexing,6
205.0,1-back,17,Vexing,6
226.0,1-back,17,Vexing,6
160.0,1-back,17,Vexing,6
181.0,1-back,17,Vexing,6
79.0,1-back,17,Vexing,6
257.0,1-back,17,Vexing,6
0.0,1-back,1,Vexing,4
750.0,1-back,1,Vexing,4
431.0,1-back,1,Vexing,4
416.0,1-back,1,Vexing,4
356.0,1-back,1,Vexing,4
447.0,1-back,1,Vexing,4
471.0,1-back,1,Vexing,4
356.0,1-back,1,Vexing,4
69.0,1-back,1,Vexing,4
491.0,1-back,1,Vexing,4
460.0,1-back,1,Vexing,4
30.0,1-back,1,Vexing,4
447.0,1-back,1,Vexing,4
314.0,1-back,1,Vexing,4
387.0,1-back,1,Vexing,4
97.0,1-back,1,Vexing,4
430.0,1-back,1,Vexing,4
105.0,1-back,1,Vexing,4
253.0,1-back,1,Vexing,4
381.0,1-back,1,Vexing,4
72.0,1-back,1,Vexing,4
404.0,1-back,1,Vexing,4
0.0,3-back,2,Vexing,4
0.0,3-back,2,Vexing,4
0.0,3-back,2,Vexing,4
498.0,3-back,2,Vexing,4
273.0,3-back,2,Vexing,4
1225.0,3-back,2,Vexing,4
393.0,3-back,2,Vexing,4
167.0,3-back,2,Vexing,4
423.0,3-back,2,Vexing,4
444.0,3-back,2,Vexing,4
22.0,3-back,2,Vexing,4
277.0,3-back,2,Vexing,4
397.0,3-back,2,Vexing,4
199.0,3-back,2,Vexing,4
799.0,3-back,2,Vexing,4
264.0,3-back,2,Vexing,4
1250.0,3-back,2,Vexing,4
0.0,3-back,2,Vexing,4
277.0,3-back,2,Vexing,4
202.0,3-back,2,Vexing,4
473.0,3-back,2,Vexing,4
343.0,3-back,2,Vexing,4
0.0,1-back,3,Vexing,4
161.0,1-back,3,Vexing,4
143.0,1-back,3,Vexing,4
387.0,1-back,3,Vexing,4
39.0,1-back,3,Vexing,4
394.0,1-back,3,Vexing,4
370.0,1-back,3,Vexing,4
0.0,1-back,3,Vexing,4
109.0,1-back,3,Vexing,4
420.0,1-back,3,Vexing,4
379.0,1-back,3,Vexing,4
4.0,1-back,3,Vexing,4
430.0,1-back,3,Vexing,4
380.0,1-back,3,Vexing,4
458.0,1-back,3,Vexing,4
378.0,1-back,3,Vexing,4
498.0,1-back,3,Vexing,4
377.0,1-back,3,Vexing,4
471.0,1-back,3,Vexing,4
666.0,1-back,3,Vexing,4
26.0,1-back,3,Vexing,4
87.0,1-back,3,Vexing,4
0.0,3-back,4,Vexing,4
0.0,3-back,4,Vexing,4
0.0,3-back,4,Vexing,4
0.0,3-back,4,Vexing,4
30.0,3-back,4,Vexing,4
157.0,3-back,4,Vexing,4
340.0,3-back,4,Vexing,4
502.0,3-back,4,Vexing,4
171.0,3-back,4,Vexing,4
90.0,3-back,4,Vexing,4
429.0,3-back,4,Vexing,4
357.0,3-back,4,Vexing,4
201.0,3-back,4,Vexing,4
132.0,3-back,4,Vexing,4
77.0,3-back,4,Vexing,4
681.0,3-back,4,Vexing,4
125.0,3-back,4,Vexing,4
202.0,3-back,4,Vexing,4
83.0,3-back,4,Vexing,4
228.0,3-back,4,Vexing,4
180.0,3-back,4,Vexing,4
94.0,3-back,4,Vexing,4
0.0,1-back,5,Vexing,4
445.0,1-back,5,Vexing,4
394.0,1-back,5,Vexing,4
305.0,1-back,5,Vexing,4
440.0,1-back,5,Vexing,4
359.0,1-back,5,Vexing,4
0.0,1-back,5,Vexing,4
344.0,1-back,5,Vexing,4
451.0,1-back,5,Vexing,4
436.0,1-back,5,Vexing,4
145.0,1-back,5,Vexing,4
296.0,1-back,5,Vexing,4
348.0,1-back,5,Vexing,4
0.0,1-back,5,Vexing,4
146.0,1-back,5,Vexing,4
411.0,1-back,5,Vexing,4
68.0,1-back,5,Vexing,4
387.0,1-back,5,Vexing,4
462.0,1-back,5,Vexing,4
364.0,1-back,5,Vexing,4
333.0,1-back,5,Vexing,4
0.0,1-back,5,Vexing,4
0.0,3-back,6,Vexing,4
0.0,3-back,6,Vexing,4
0.0,3-back,6,Vexing,4
172.0,3-back,6,Vexing,4
238.0,3-back,6,Vexing,4
476.0,3-back,6,Vexing,4
606.0,3-back,6,Vexing,4
231.0,3-back,6,Vexing,4
215.0,3-back,6,Vexing,4
235.0,3-back,6,Vexing,4
88.0,3-back,6,Vexing,4
290.0,3-back,6,Vexing,4
405.0,3-back,6,Vexing,4
113.0,3-back,6,Vexing,4
194.0,3-back,6,Vexing,4
1327.0,3-back,6,Vexing,4
0.0,3-back,6,Vexing,4
46.0,3-back,6,Vexing,4
82.0,3-back,6,Vexing,4
101.0,3-back,6,Vexing,4
858.0,3-back,6,Vexing,4
304.0,3-back,6,Vexing,4
0.0,1-back,7,Vexing,4
165.0,1-back,7,Vexing,4
438.0,1-back,7,Vexing,4
0.0,1-back,7,Vexing,4
0.0,1-back,7,Vexing,4
364.0,1-back,7,Vexing,4
462.0,1-back,7,Vexing,4
367.0,1-back,7,Vexing,4
240.0,1-back,7,Vexing,4
0.0,1-back,7,Vexing,4
474.0,1-back,7,Vexing,4
23.0,1-back,7,Vexing,4
249.0,1-back,7,Vexing,4
454.0,1-back,7,Vexing,4
0.0,1-back,7,Vexing,4
110.0,1-back,7,Vexing,4
5.0,1-back,7,Vexing,4
406.0,1-back,7,Vexing,4
487.0,1-back,7,Vexing,4
0.0,1-back,7,Vexing,4
431.0,1-back,7,Vexing,4
256.0,1-back,7,Vexing,4
0.0,3-back,8,Vexing,4
0.0,3-back,8,Vexing,4
0.0,3-back,8,Vexing,4
39.0,3-back,8,Vexing,4
418.0,3-back,8,Vexing,4
333.0,3-back,8,Vexing,4
508.0,3-back,8,Vexing,4
169.0,3-back,8,Vexing,4
626.0,3-back,8,Vexing,4
209.0,3-back,8,Vexing,4
138.0,3-back,8,Vexing,4
265.0,3-back,8,Vexing,4
121.0,3-back,8,Vexing,4
727.0,3-back,8,Vexing,4
479.0,3-back,8,Vexing,4
235.0,3-back,8,Vexing,4
909.0,3-back,8,Vexing,4
425.0,3-back,8,Vexing,4
497.0,3-back,8,Vexing,4
439.0,3-back,8,Vexing,4
0.0,3-back,8,Vexing,4
238.0,3-back,8,Vexing,4
0.0,1-back,10,Vexing,4
464.0,1-back,10,Vexing,4
60.0,1-back,10,Vexing,4
396.0,1-back,10,Vexing,4
449.0,1-back,10,Vexing,4
424.0,1-back,10,Vexing,4
405.0,1-back,10,Vexing,4
486.0,1-back,10,Vexing,4
384.0,1-back,10,Vexing,4
353.0,1-back,10,Vexing,4
64.0,1-back,10,Vexing,4
0.0,1-back,10,Vexing,4
385.0,1-back,10,Vexing,4
395.0,1-back,10,Vexing,4
346.0,1-back,10,Vexing,4
483.0,1-back,10,Vexing,4
0.0,1-back,10,Vexing,4
0.0,1-back,10,Vexing,4
480.0,1-back,10,Vexing,4
28.0,1-back,10,Vexing,4
386.0,1-back,10,Vexing,4
427.0,1-back,10,Vexing,4
0.0,3-back,11,Vexing,4
0.0,3-back,11,Vexing,4
0.0,3-back,11,Vexing,4
457.0,3-back,11,Vexing,4
0.0,3-back,11,Vexing,4
350.0,3-back,11,Vexing,4
128.0,3-back,11,Vexing,4
110.0,3-back,11,Vexing,4
1061.0,3-back,11,Vexing,4
523.0,3-back,11,Vexing,4
404.0,3-back,11,Vexing,4
48.0,3-back,11,Vexing,4
392.0,3-back,11,Vexing,4
918.0,3-back,11,Vexing,4
290.0,3-back,11,Vexing,4
752.0,3-back,11,Vexing,4
126.0,3-back,11,Vexing,4
482.0,3-back,11,Vexing,4
282.0,3-back,11,Vexing,4
503.0,3-back,11,Vexing,4
321.0,3-back,11,Vexing,4
489.0,3-back,11,Vexing,4
0.0,3-back,12,Vexing,4
0.0,3-back,12,Vexing,4
0.0,3-back,12,Vexing,4
10.0,3-back,12,Vexing,4
251.0,3-back,12,Vexing,4
32.0,3-back,12,Vexing,4
431.0,3-back,12,Vexing,4
1144.0,3-back,12,Vexing,4
105.0,3-back,12,Vexing,4
259.0,3-back,12,Vexing,4
1159.0,3-back,12,Vexing,4
713.0,3-back,12,Vexing,4
479.0,3-back,12,Vexing,4
153.0,3-back,12,Vexing,4
390.0,3-back,12,Vexing,4
317.0,3-back,12,Vexing,4
331.0,3-back,12,Vexing,4
363.0,3-back,12,Vexing,4
480.0,3-back,12,Vexing,4
32.0,3-back,12,Vexing,4
243.0,3-back,12,Vexing,4
206.0,3-back,12,Vexing,4
0.0,1-back,13,Vexing,4
76.0,1-back,13,Vexing,4
480.0,1-back,13,Vexing,4
302.0,1-back,13,Vexing,4
295.0,1-back,13,Vexing,4
6.0,1-back,13,Vexing,4
348.0,1-back,13,Vexing,4
372.0,1-back,13,Vexing,4
356.0,1-back,13,Vexing,4
292.0,1-back,13,Vexing,4
53.0,1-back,13,Vexing,4
475.0,1-back,13,Vexing,4
385.0,1-back,13,Vexing,4
403.0,1-back,13,Vexing,4
2.0,1-back,13,Vexing,4
332.0,1-back,13,Vexing,4
433.0,1-back,13,Vexing,4
236.0,1-back,13,Vexing,4
21.0,1-back,13,Vexing,4
494.0,1-back,13,Vexing,4
82.0,1-back,13,Vexing,4
40.0,1-back,13,Vexing,4
0.0,3-back,14,Vexing,4
0.0,3-back,14,Vexing,4
0.0,3-back,14,Vexing,4
485.0,3-back,14,Vexing,4
177.0,3-back,14,Vexing,4
761.0,3-back,14,Vexing,4
382.0,3-back,14,Vexing,4
596.0,3-back,14,Vexing,4
367.0,3-back,14,Vexing,4
221.0,3-back,14,Vexing,4
0.0,3-back,14,Vexing,4
151.0,3-back,14,Vexing,4
433.0,3-back,14,Vexing,4
315.0,3-back,14,Vexing,4
51.0,3-back,14,Vexing,4
650.0,3-back,14,Vexing,4
806.0,3-back,14,Vexing,4
36.0,3-back,14,Vexing,4
312.0,3-back,14,Vexing,4
225.0,3-back,14,Vexing,4
564.0,3-back,14,Vexing,4
61.0,3-back,14,Vexing,4
0.0,1-back,15,Vexing,4
461.0,1-back,15,Vexing,4
187.0,1-back,15,Vexing,4
15.0,1-back,15,Vexing,4
365.0,1-back,15,Vexing,4
412.0,1-back,15,Vexing,4
349.0,1-back,15,Vexing,4
445.0,1-back,15,Vexing,4
291.0,1-back,15,Vexing,4
355.0,1-back,15,Vexing,4
429.0,1-back,15,Vexing,4
89.0,1-back,15,Vexing,4
0.0,1-back,15,Vexing,4
149.0,1-back,15,Vexing,4
417.0,1-back,15,Vexing,4
369.0,1-back,15,Vexing,4
168.0,1-back,15,Vexing,4
344.0,1-back,15,Vexing,4
470.0,1-back,15,Vexing,4
178.0,1-back,15,Vexing,4
33.0,1-back,15,Vexing,4
0.0,1-back,15,Vexing,4
0.0,3-back,16,Vexing,4
0.0,3-back,16,Vexing,4
0.0,3-back,16,Vexing,4
0.0,3-back,16,Vexing,4
45.0,3-back,16,Vexing,4
179.0,3-back,16,Vexing,4
0.0,3-back,16,Vexing,4
150.0,3-back,16,Vexing,4
129.0,3-back,16,Vexing,4
780.0,3-back,16,Vexing,4
192.0,3-back,16,Vexing,4
425.0,3-back,16,Vexing,4
149.0,3-back,16,Vexing,4
85.0,3-back,16,Vexing,4
683.0,3-back,16,Vexing,4
1090.0,3-back,16,Vexing,4
299.0,3-back,16,Vexing,4
422.0,3-back,16,Vexing,4
237.0,3-back,16,Vexing,4
330.0,3-back,16,Vexing,4
326.0,3-back,16,Vexing,4
310.0,3-back,16,Vexing,4
0.0,1-back,17,Vexing,4
141.0,1-back,17,Vexing,4
209.0,1-back,17,Vexing,4
279.0,1-back,17,Vexing,4
408.0,1-back,17,Vexing,4
331.0,1-back,17,Vexing,4
455.0,1-back,17,Vexing,4
376.0,1-back,17,Vexing,4
316.0,1-back,17,Vexing,4
467.0,1-back,17,Vexing,4
321.0,1-back,17,Vexing,4
373.0,1-back,17,Vexing,4
11.0,1-back,17,Vexing,4
442.0,1-back,17,Vexing,4
0.0,1-back,17,Vexing,4
120.0,1-back,17,Vexing,4
1.0,1-back,17,Vexing,4
153.0,1-back,17,Vexing,4
432.0,1-back,17,Vexing,4
356.0,1-back,17,Vexing,4
435.0,1-back,17,Vexing,4
0.0,1-back,17,Vexing,4
0.0,1-back,1,Calming,8
0.0,1-back,1,Calming,8
1143.0,1-back,1,Calming,8
143.0,1-back,1,Calming,8
110.0,1-back,1,Calming,8
1464.0,1-back,1,Calming,8
1133.0,1-back,1,Calming,8
897.0,1-back,1,Calming,8
456.0,1-back,1,Calming,8
97.0,1-back,1,Calming,8
82.0,1-back,1,Calming,8
415.0,1-back,1,Calming,8
383.0,1-back,1,Calming,8
415.0,1-back,1,Calming,8
69.0,1-back,1,Calming,8
166.0,1-back,1,Calming,8
589.0,1-back,1,Calming,8
812.0,1-back,1,Calming,8
1013.0,1-back,1,Calming,8
780.0,1-back,1,Calming,8
569.0,1-back,1,Calming,8
399.0,1-back,1,Calming,8
0.0,3-back,2,Calming,8
0.0,3-back,2,Calming,8
0.0,3-back,2,Calming,8
109.0,3-back,2,Calming,8
0.0,3-back,2,Calming,8
524.0,3-back,2,Calming,8
1264.0,3-back,2,Calming,8
1165.0,3-back,2,Calming,8
558.0,3-back,2,Calming,8
866.0,3-back,2,Calming,8
453.0,3-back,2,Calming,8
942.0,3-back,2,Calming,8
1287.0,3-back,2,Calming,8
890.0,3-back,2,Calming,8
0.0,3-back,2,Calming,8
56.0,3-back,2,Calming,8
672.0,3-back,2,Calming,8
484.0,3-back,2,Calming,8
0.0,3-back,2,Calming,8
130.0,3-back,2,Calming,8
329.0,3-back,2,Calming,8
0.0,3-back,2,Calming,8
0.0,3-back,3,Calming,8
0.0,3-back,3,Calming,8
0.0,3-back,3,Calming,8
522.0,3-back,3,Calming,8
825.0,3-back,3,Calming,8
1047.0,3-back,3,Calming,8
1297.0,3-back,3,Calming,8
777.0,3-back,3,Calming,8
1218.0,3-back,3,Calming,8
1362.0,3-back,3,Calming,8
666.0,3-back,3,Calming,8
483.0,3-back,3,Calming,8
768.0,3-back,3,Calming,8
488.0,3-back,3,Calming,8
0.0,3-back,3,Calming,8
96.0,3-back,3,Calming,8
79.0,3-back,3,Calming,8
438.0,3-back,3,Calming,8
334.0,3-back,3,Calming,8
547.0,3-back,3,Calming,8
652.0,3-back,3,Calming,8
1003.0,3-back,3,Calming,8
0.0,1-back,4,Calming,8
342.0,1-back,4,Calming,8
343.0,1-back,4,Calming,8
117.0,1-back,4,Calming,8
460.0,1-back,4,Calming,8
484.0,1-back,4,Calming,8
435.0,1-back,4,Calming,8
127.0,1-back,4,Calming,8
9.0,1-back,4,Calming,8
244.0,1-back,4,Calming,8
454.0,1-back,4,Calming,8
396.0,1-back,4,Calming,8
249.0,1-back,4,Calming,8
318.0,1-back,4,Calming,8
0.0,1-back,4,Calming,8
0.0,1-back,4,Calming,8
0.0,1-back,4,Calming,8
244.0,1-back,4,Calming,8
179.0,1-back,4,Calming,8
496.0,1-back,4,Calming,8
820.0,1-back,4,Calming,8
402.0,1-back,4,Calming,8
0.0,3-back,5,Calming,8
0.0,3-back,5,Calming,8
0.0,3-back,5,Calming,8
205.0,3-back,5,Calming,8
384.0,3-back,5,Calming,8
371.0,3-back,5,Calming,8
256.0,3-back,5,Calming,8
364.0,3-back,5,Calming,8
951.0,3-back,5,Calming,8
461.0,3-back,5,Calming,8
1021.0,3-back,5,Calming,8
0.0,3-back,5,Calming,8
288.0,3-back,5,Calming,8
162.0,3-back,5,Calming,8
1053.0,3-back,5,Calming,8
441.0,3-back,5,Calming,8
233.0,3-back,5,Calming,8
1100.0,3-back,5,Calming,8
0.0,3-back,5,Calming,8
115.0,3-back,5,Calming,8
204.0,3-back,5,Calming,8
77.0,3-back,5,Calming,8
0.0,1-back,6,Calming,8
84.0,1-back,6,Calming,8
194.0,1-back,6,Calming,8
90.0,1-back,6,Calming,8
348.0,1-back,6,Calming,8
292.0,1-back,6,Calming,8
172.0,1-back,6,Calming,8
77.0,1-back,6,Calming,8
765.0,1-back,6,Calming,8
309.0,1-back,6,Calming,8
248.0,1-back,6,Calming,8
363.0,1-back,6,Calming,8
1117.0,1-back,6,Calming,8
0.0,1-back,6,Calming,8
879.0,1-back,6,Calming,8
427.0,1-back,6,Calming,8
244.0,1-back,6,Calming,8
142.0,1-back,6,Calming,8
578.0,1-back,6,Calming,8
275.0,1-back,6,Calming,8
461.0,1-back,6,Calming,8
567.0,1-back,6,Calming,8
0.0,1-back,7,Calming,8
638.0,1-back,7,Calming,8
281.0,1-back,7,Calming,8
619.0,1-back,7,Calming,8
808.0,1-back,7,Calming,8
227.0,1-back,7,Calming,8
294.0,1-back,7,Calming,8
210.0,1-back,7,Calming,8
77.0,1-back,7,Calming,8
623.0,1-back,7,Calming,8
352.0,1-back,7,Calming,8
189.0,1-back,7,Calming,8
884.0,1-back,7,Calming,8
452.0,1-back,7,Calming,8
298.0,1-back,7,Calming,8
311.0,1-back,7,Calming,8
225.0,1-back,7,Calming,8
99.0,1-back,7,Calming,8
474.0,1-back,7,Calming,8
841.0,1-back,7,Calming,8
509.0,1-back,7,Calming,8
268.0,1-back,7,Calming,8
0.0,3-back,8,Calming,8
0.0,3-back,8,Calming,8
0.0,3-back,8,Calming,8
257.0,3-back,8,Calming,8
774.0,3-back,8,Calming,8
353.0,3-back,8,Calming,8
591.0,3-back,8,Calming,8
390.0,3-back,8,Calming,8
1062.0,3-back,8,Calming,8
1269.0,3-back,8,Calming,8
671.0,3-back,8,Calming,8
354.0,3-back,8,Calming,8
950.0,3-back,8,Calming,8
1013.0,3-back,8,Calming,8
711.0,3-back,8,Calming,8
800.0,3-back,8,Calming,8
1325.0,3-back,8,Calming,8
280.0,3-back,8,Calming,8
400.0,3-back,8,Calming,8
13.0,3-back,8,Calming,8
506.0,3-back,8,Calming,8
1019.0,3-back,8,Calming,8
0.0,3-back,10,Calming,8
0.0,3-back,10,Calming,8
0.0,3-back,10,Calming,8
590.0,3-back,10,Calming,8
374.0,3-back,10,Calming,8
551.0,3-back,10,Calming,8
453.0,3-back,10,Calming,8
291.0,3-back,10,Calming,8
80.0,3-back,10,Calming,8
560.0,3-back,10,Calming,8
439.0,3-back,10,Calming,8
929.0,3-back,10,Calming,8
0.0,3-back,10,Calming,8
676.0,3-back,10,Calming,8
387.0,3-back,10,Calming,8
789.0,3-back,10,Calming,8
513.0,3-back,10,Calming,8
568.0,3-back,10,Calming,8
485.0,3-back,10,Calming,8
1317.0,3-back,10,Calming,8
0.0,3-back,10,Calming,8
347.0,3-back,10,Calming,8
0.0,1-back,11,Calming,8
198.0,1-back,11,Calming,8
191.0,1-back,11,Calming,8
171.0,1-back,11,Calming,8
126.0,1-back,11,Calming,8
523.0,1-back,11,Calming,8
363.0,1-back,11,Calming,8
317.0,1-back,11,Calming,8
558.0,1-back,11,Calming,8
335.0,1-back,11,Calming,8
281.0,1-back,11,Calming,8
193.0,1-back,11,Calming,8
355.0,1-back,11,Calming,8
286.0,1-back,11,Calming,8
334.0,1-back,11,Calming,8
116.0,1-back,11,Calming,8
371.0,1-back,11,Calming,8
642.0,1-back,11,Calming,8
775.0,1-back,11,Calming,8
614.0,1-back,11,Calming,8
427.0,1-back,11,Calming,8
137.0,1-back,11,Calming,8
0.0,1-back,12,Calming,8
276.0,1-back,12,Calming,8
252.0,1-back,12,Calming,8
236.0,1-back,12,Calming,8
299.0,1-back,12,Calming,8
423.0,1-back,12,Calming,8
488.0,1-back,12,Calming,8
431.0,1-back,12,Calming,8
302.0,1-back,12,Calming,8
274.0,1-back,12,Calming,8
180.0,1-back,12,Calming,8
344.0,1-back,12,Calming,8
705.0,1-back,12,Calming,8
874.0,1-back,12,Calming,8
1206.0,1-back,12,Calming,8
734.0,1-back,12,Calming,8
197.0,1-back,12,Calming,8
171.0,1-back,12,Calming,8
50.0,1-back,12,Calming,8
757.0,1-back,12,Calming,8
183.0,1-back,12,Calming,8
1013.0,1-back,12,Calming,8
0.0,3-back,13,Calming,8
0.0,3-back,13,Calming,8
0.0,3-back,13,Calming,8
208.0,3-back,13,Calming,8
0.0,3-back,13,Calming,8
176.0,3-back,13,Calming,8
962.0,3-back,13,Calming,8
0.0,3-back,13,Calming,8
67.0,3-back,13,Calming,8
367.0,3-back,13,Calming,8
167.0,3-back,13,Calming,8
282.0,3-back,13,Calming,8
135.0,3-back,13,Calming,8
643.0,3-back,13,Calming,8
772.0,3-back,13,Calming,8
234.0,3-back,13,Calming,8
478.0,3-back,13,Calming,8
334.0,3-back,13,Calming,8
306.0,3-back,13,Calming,8
464.0,3-back,13,Calming,8
731.0,3-back,13,Calming,8
917.0,3-back,13,Calming,8
0.0,3-back,14,Calming,8
0.0,3-back,14,Calming,8
0.0,3-back,14,Calming,8
370.0,3-back,14,Calming,8
632.0,3-back,14,Calming,8
425.0,3-back,14,Calming,8
375.0,3-back,14,Calming,8
322.0,3-back,14,Calming,8
673.0,3-back,14,Calming,8
1089.0,3-back,14,Calming,8
443.0,3-back,14,Calming,8
817.0,3-back,14,Calming,8
310.0,3-back,14,Calming,8
428.0,3-back,14,Calming,8
588.0,3-back,14,Calming,8
482.0,3-back,14,Calming,8
1314.0,3-back,14,Calming,8
706.0,3-back,14,Calming,8
374.0,3-back,14,Calming,8
651.0,3-back,14,Calming,8
243.0,3-back,14,Calming,8
513.0,3-back,14,Calming,8
0.0,1-back,15,Calming,8
486.0,1-back,15,Calming,8
37.0,1-back,15,Calming,8
268.0,1-back,15,Calming,8
190.0,1-back,15,Calming,8
353.0,1-back,15,Calming,8
75.0,1-back,15,Calming,8
366.0,1-back,15,Calming,8
246.0,1-back,15,Calming,8
249.0,1-back,15,Calming,8
333.0,1-back,15,Calming,8
447.0,1-back,15,Calming,8
286.0,1-back,15,Calming,8
299.0,1-back,15,Calming,8
318.0,1-back,15,Calming,8
320.0,1-back,15,Calming,8
281.0,1-back,15,Calming,8
950.0,1-back,15,Calming,8
0.0,1-back,15,Calming,8
975.0,1-back,15,Calming,8
461.0,1-back,15,Calming,8
169.0,1-back,15,Calming,8
0.0,3-back,16,Calming,8
0.0,3-back,16,Calming,8
0.0,3-back,16,Calming,8
167.0,3-back,16,Calming,8
161.0,3-back,16,Calming,8
326.0,3-back,16,Calming,8
199.0,3-back,16,Calming,8
1270.0,3-back,16,Calming,8
0.0,3-back,16,Calming,8
216.0,3-back,16,Calming,8
0.0,3-back,16,Calming,8
334.0,3-back,16,Calming,8
97.0,3-back,16,Calming,8
310.0,3-back,16,Calming,8
398.0,3-back,16,Calming,8
376.0,3-back,16,Calming,8
274.0,3-back,16,Calming,8
347.0,3-back,16,Calming,8
725.0,3-back,16,Calming,8
305.0,3-back,16,Calming,8
336.0,3-back,16,Calming,8
1313.0,3-back,16,Calming,8
0.0,1-back,17,Calming,8
103.0,1-back,17,Calming,8
38.0,1-back,17,Calming,8
16.0,1-back,17,Calming,8
499.0,1-back,17,Calming,8
398.0,1-back,17,Calming,8
41.0,1-back,17,Calming,8
149.0,1-back,17,Calming,8
451.0,1-back,17,Calming,8
128.0,1-back,17,Calming,8
91.0,1-back,17,Calming,8
90.0,1-back,17,Calming,8
16.0,1-back,17,Calming,8
492.0,1-back,17,Calming,8
53.0,1-back,17,Calming,8
20.0,1-back,17,Calming,8
288.0,1-back,17,Calming,8
244.0,1-back,17,Calming,8
219.0,1-back,17,Calming,8
204.0,1-back,17,Calming,8
161.0,1-back,17,Calming,8
208.0,1-back,17,Calming,8
0.0,1-back,1,Vexing,3
108.0,1-back,1,Vexing,3
95.0,1-back,1,Vexing,3
152.0,1-back,1,Vexing,3
475.0,1-back,1,Vexing,3
69.0,1-back,1,Vexing,3
182.0,1-back,1,Vexing,3
219.0,1-back,1,Vexing,3
270.0,1-back,1,Vexing,3
177.0,1-back,1,Vexing,3
193.0,1-back,1,Vexing,3
246.0,1-back,1,Vexing,3
476.0,1-back,1,Vexing,3
772.0,1-back,1,Vexing,3
242.0,1-back,1,Vexing,3
664.0,1-back,1,Vexing,3
466.0,1-back,1,Vexing,3
161.0,1-back,1,Vexing,3
441.0,1-back,1,Vexing,3
229.0,1-back,1,Vexing,3
286.0,1-back,1,Vexing,3
506.0,1-back,1,Vexing,3
0.0,3-back,2,Vexing,3
0.0,3-back,2,Vexing,3
0.0,3-back,2,Vexing,3
596.0,3-back,2,Vexing,3
655.0,3-back,2,Vexing,3
599.0,3-back,2,Vexing,3
244.0,3-back,2,Vexing,3
459.0,3-back,2,Vexing,3
484.0,3-back,2,Vexing,3
596.0,3-back,2,Vexing,3
1031.0,3-back,2,Vexing,3
1236.0,3-back,2,Vexing,3
506.0,3-back,2,Vexing,3
544.0,3-back,2,Vexing,3
620.0,3-back,2,Vexing,3
775.0,3-back,2,Vexing,3
822.0,3-back,2,Vexing,3
907.0,3-back,2,Vexing,3
1012.0,3-back,2,Vexing,3
512.0,3-back,2,Vexing,3
1484.0,3-back,2,Vexing,3
493.0,3-back,2,Vexing,3
0.0,1-back,3,Vexing,3
163.0,1-back,3,Vexing,3
214.0,1-back,3,Vexing,3
937.0,1-back,3,Vexing,3
691.0,1-back,3,Vexing,3
605.0,1-back,3,Vexing,3
276.0,1-back,3,Vexing,3
346.0,1-back,3,Vexing,3
561.0,1-back,3,Vexing,3
335.0,1-back,3,Vexing,3
363.0,1-back,3,Vexing,3
461.0,1-back,3,Vexing,3
382.0,1-back,3,Vexing,3
779.0,1-back,3,Vexing,3
357.0,1-back,3,Vexing,3
0.0,1-back,3,Vexing,3
548.0,1-back,3,Vexing,3
393.0,1-back,3,Vexing,3
1156.0,1-back,3,Vexing,3
632.0,1-back,3,Vexing,3
284.0,1-back,3,Vexing,3
172.0,1-back,3,Vexing,3
0.0,3-back,4,Vexing,3
0.0,3-back,4,Vexing,3
0.0,3-back,4,Vexing,3
543.0,3-back,4,Vexing,3
1394.0,3-back,4,Vexing,3
438.0,3-back,4,Vexing,3
491.0,3-back,4,Vexing,3
602.0,3-back,4,Vexing,3
838.0,3-back,4,Vexing,3
616.0,3-back,4,Vexing,3
350.0,3-back,4,Vexing,3
205.0,3-back,4,Vexing,3
339.0,3-back,4,Vexing,3
662.0,3-back,4,Vexing,3
644.0,3-back,4,Vexing,3
591.0,3-back,4,Vexing,3
654.0,3-back,4,Vexing,3
420.0,3-back,4,Vexing,3
629.0,3-back,4,Vexing,3
1262.0,3-back,4,Vexing,3
441.0,3-back,4,Vexing,3
235.0,3-back,4,Vexing,3
0.0,1-back,5,Vexing,3
164.0,1-back,5,Vexing,3
62.0,1-back,5,Vexing,3
633.0,1-back,5,Vexing,3
277.0,1-back,5,Vexing,3
168.0,1-back,5,Vexing,3
201.0,1-back,5,Vexing,3
84.0,1-back,5,Vexing,3
519.0,1-back,5,Vexing,3
231.0,1-back,5,Vexing,3
46.0,1-back,5,Vexing,3
160.0,1-back,5,Vexing,3
401.0,1-back,5,Vexing,3
408.0,1-back,5,Vexing,3
485.0,1-back,5,Vexing,3
451.0,1-back,5,Vexing,3
847.0,1-back,5,Vexing,3
488.0,1-back,5,Vexing,3
695.0,1-back,5,Vexing,3
840.0,1-back,5,Vexing,3
600.0,1-back,5,Vexing,3
0.0,1-back,5,Vexing,3
0.0,3-back,6,Vexing,3
0.0,3-back,6,Vexing,3
0.0,3-back,6,Vexing,3
689.0,3-back,6,Vexing,3
914.0,3-back,6,Vexing,3
610.0,3-back,6,Vexing,3
625.0,3-back,6,Vexing,3
344.0,3-back,6,Vexing,3
588.0,3-back,6,Vexing,3
348.0,3-back,6,Vexing,3
551.0,3-back,6,Vexing,3
385.0,3-back,6,Vexing,3
760.0,3-back,6,Vexing,3
318.0,3-back,6,Vexing,3
505.0,3-back,6,Vexing,3
624.0,3-back,6,Vexing,3
514.0,3-back,6,Vexing,3
276.0,3-back,6,Vexing,3
138.0,3-back,6,Vexing,3
750.0,3-back,6,Vexing,3
335.0,3-back,6,Vexing,3
449.0,3-back,6,Vexing,3
0.0,1-back,7,Vexing,3
325.0,1-back,7,Vexing,3
190.0,1-back,7,Vexing,3
468.0,1-back,7,Vexing,3
406.0,1-back,7,Vexing,3
76.0,1-back,7,Vexing,3
205.0,1-back,7,Vexing,3
522.0,1-back,7,Vexing,3
252.0,1-back,7,Vexing,3
251.0,1-back,7,Vexing,3
261.0,1-back,7,Vexing,3
278.0,1-back,7,Vexing,3
95.0,1-back,7,Vexing,3
104.0,1-back,7,Vexing,3
144.0,1-back,7,Vexing,3
399.0,1-back,7,Vexing,3
162.0,1-back,7,Vexing,3
108.0,1-back,7,Vexing,3
34.0,1-back,7,Vexing,3
106.0,1-back,7,Vexing,3
164.0,1-back,7,Vexing,3
169.0,1-back,7,Vexing,3
0.0,3-back,8,Vexing,3
0.0,3-back,8,Vexing,3
0.0,3-back,8,Vexing,3
42.0,3-back,8,Vexing,3
583.0,3-back,8,Vexing,3
416.0,3-back,8,Vexing,3
163.0,3-back,8,Vexing,3
376.0,3-back,8,Vexing,3
493.0,3-back,8,Vexing,3
184.0,3-back,8,Vexing,3
342.0,3-back,8,Vexing,3
323.0,3-back,8,Vexing,3
562.0,3-back,8,Vexing,3
447.0,3-back,8,Vexing,3
357.0,3-back,8,Vexing,3
283.0,3-back,8,Vexing,3
332.0,3-back,8,Vexing,3
247.0,3-back,8,Vexing,3
1419.0,3-back,8,Vexing,3
448.0,3-back,8,Vexing,3
194.0,3-back,8,Vexing,3
275.0,3-back,8,Vexing,3
0.0,1-back,10,Vexing,3
330.0,1-back,10,Vexing,3
476.0,1-back,10,Vexing,3
198.0,1-back,10,Vexing,3
405.0,1-back,10,Vexing,3
157.0,1-back,10,Vexing,3
145.0,1-back,10,Vexing,3
84.0,1-back,10,Vexing,3
263.0,1-back,10,Vexing,3
251.0,1-back,10,Vexing,3
656.0,1-back,10,Vexing,3
257.0,1-back,10,Vexing,3
287.0,1-back,10,Vexing,3
174.0,1-back,10,Vexing,3
269.0,1-back,10,Vexing,3
174.0,1-back,10,Vexing,3
10.0,1-back,10,Vexing,3
94.0,1-back,10,Vexing,3
365.0,1-back,10,Vexing,3
105.0,1-back,10,Vexing,3
119.0,1-back,10,Vexing,3
43.0,1-back,10,Vexing,3
0.0,3-back,11,Vexing,3
0.0,3-back,11,Vexing,3
0.0,3-back,11,Vexing,3
325.0,3-back,11,Vexing,3
225.0,3-back,11,Vexing,3
398.0,3-back,11,Vexing,3
1091.0,3-back,11,Vexing,3
673.0,3-back,11,Vexing,3
834.0,3-back,11,Vexing,3
237.0,3-back,11,Vexing,3
483.0,3-back,11,Vexing,3
826.0,3-back,11,Vexing,3
407.0,3-back,11,Vexing,3
139.0,3-back,11,Vexing,3
390.0,3-back,11,Vexing,3
597.0,3-back,11,Vexing,3
186.0,3-back,11,Vexing,3
643.0,3-back,11,Vexing,3
307.0,3-back,11,Vexing,3
213.0,3-back,11,Vexing,3
377.0,3-back,11,Vexing,3
241.0,3-back,11,Vexing,3
0.0,3-back,12,Vexing,3
0.0,3-back,12,Vexing,3
0.0,3-back,12,Vexing,3
175.0,3-back,12,Vexing,3
290.0,3-back,12,Vexing,3
530.0,3-back,12,Vexing,3
310.0,3-back,12,Vexing,3
241.0,3-back,12,Vexing,3
117.0,3-back,12,Vexing,3
122.0,3-back,12,Vexing,3
297.0,3-back,12,Vexing,3
306.0,3-back,12,Vexing,3
580.0,3-back,12,Vexing,3
385.0,3-back,12,Vexing,3
675.0,3-back,12,Vexing,3
203.0,3-back,12,Vexing,3
311.0,3-back,12,Vexing,3
515.0,3-back,12,Vexing,3
320.0,3-back,12,Vexing,3
724.0,3-back,12,Vexing,3
547.0,3-back,12,Vexing,3
638.0,3-back,12,Vexing,3
0.0,1-back,13,Vexing,3
230.0,1-back,13,Vexing,3
447.0,1-back,13,Vexing,3
325.0,1-back,13,Vexing,3
10.0,1-back,13,Vexing,3
460.0,1-back,13,Vexing,3
192.0,1-back,13,Vexing,3
168.0,1-back,13,Vexing,3
36.0,1-back,13,Vexing,3
296.0,1-back,13,Vexing,3
81.0,1-back,13,Vexing,3
282.0,1-back,13,Vexing,3
271.0,1-back,13,Vexing,3
20.0,1-back,13,Vexing,3
105.0,1-back,13,Vexing,3
236.0,1-back,13,Vexing,3
203.0,1-back,13,Vexing,3
129.0,1-back,13,Vexing,3
84.0,1-back,13,Vexing,3
36.0,1-back,13,Vexing,3
112.0,1-back,13,Vexing,3
332.0,1-back,13,Vexing,3
0.0,3-back,14,Vexing,3
0.0,3-back,14,Vexing,3
0.0,3-back,14,Vexing,3
48.0,3-back,14,Vexing,3
218.0,3-back,14,Vexing,3
116.0,3-back,14,Vexing,3
162.0,3-back,14,Vexing,3
589.0,3-back,14,Vexing,3
269.0,3-back,14,Vexing,3
305.0,3-back,14,Vexing,3
157.0,3-back,14,Vexing,3
110.0,3-back,14,Vexing,3
329.0,3-back,14,Vexing,3
114.0,3-back,14,Vexing,3
298.0,3-back,14,Vexing,3
262.0,3-back,14,Vexing,3
607.0,3-back,14,Vexing,3
284.0,3-back,14,Vexing,3
654.0,3-back,14,Vexing,3
340.0,3-back,14,Vexing,3
153.0,3-back,14,Vexing,3
329.0,3-back,14,Vexing,3
0.0,1-back,15,Vexing,3
7.0,1-back,15,Vexing,3
0.0,1-back,15,Vexing,3
148.0,1-back,15,Vexing,3
192.0,1-back,15,Vexing,3
22.0,1-back,15,Vexing,3
426.0,1-back,15,Vexing,3
270.0,1-back,15,Vexing,3
218.0,1-back,15,Vexing,3
82.0,1-back,15,Vexing,3
403.0,1-back,15,Vexing,3
279.0,1-back,15,Vexing,3
281.0,1-back,15,Vexing,3
353.0,1-back,15,Vexing,3
78.0,1-back,15,Vexing,3
96.0,1-back,15,Vexing,3
18.0,1-back,15,Vexing,3
25.0,1-back,15,Vexing,3
46.0,1-back,15,Vexing,3
692.0,1-back,15,Vexing,3
225.0,1-back,15,Vexing,3
164.0,1-back,15,Vexing,3
558.0,3-back,16,Vexing,3
0.0,3-back,16,Vexing,3
0.0,3-back,16,Vexing,3
503.0,3-back,16,Vexing,3
667.0,3-back,16,Vexing,3
555.0,3-back,16,Vexing,3
508.0,3-back,16,Vexing,3
432.0,3-back,16,Vexing,3
615.0,3-back,16,Vexing,3
293.0,3-back,16,Vexing,3
739.0,3-back,16,Vexing,3
1436.0,3-back,16,Vexing,3
1004.0,3-back,16,Vexing,3
544.0,3-back,16,Vexing,3
429.0,3-back,16,Vexing,3
487.0,3-back,16,Vexing,3
387.0,3-back,16,Vexing,3
338.0,3-back,16,Vexing,3
403.0,3-back,16,Vexing,3
601.0,3-back,16,Vexing,3
930.0,3-back,16,Vexing,3
1461.0,3-back,16,Vexing,3
0.0,1-back,17,Vexing,3
359.0,1-back,17,Vexing,3
24.0,1-back,17,Vexing,3
133.0,1-back,17,Vexing,3
165.0,1-back,17,Vexing,3
91.0,1-back,17,Vexing,3
48.0,1-back,17,Vexing,3
124.0,1-back,17,Vexing,3
261.0,1-back,17,Vexing,3
204.0,1-back,17,Vexing,3
7.0,1-back,17,Vexing,3
690.0,1-back,17,Vexing,3
369.0,1-back,17,Vexing,3
275.0,1-back,17,Vexing,3
565.0,1-back,17,Vexing,3
612.0,1-back,17,Vexing,3
241.0,1-back,17,Vexing,3
262.0,1-back,17,Vexing,3
196.0,1-back,17,Vexing,3
332.0,1-back,17,Vexing,3
0.0,1-back,17,Vexing,3
1199.0,1-back,17,Vexing,3
0.0,1-back,1,Calming,11
487.0,1-back,1,Calming,11
222.0,1-back,1,Calming,11
189.0,1-back,1,Calming,11
74.0,1-back,1,Calming,11
417.0,1-back,1,Calming,11
464.0,1-back,1,Calming,11
0.0,1-back,1,Calming,11
785.0,1-back,1,Calming,11
477.0,1-back,1,Calming,11
358.0,1-back,1,Calming,11
302.0,1-back,1,Calming,11
138.0,1-back,1,Calming,11
427.0,1-back,1,Calming,11
343.0,1-back,1,Calming,11
697.0,1-back,1,Calming,11
666.0,1-back,1,Calming,11
763.0,1-back,1,Calming,11
166.0,1-back,1,Calming,11
116.0,1-back,1,Calming,11
35.0,1-back,1,Calming,11
5.0,1-back,1,Calming,11
0.0,3-back,2,Calming,11
0.0,3-back,2,Calming,11
0.0,3-back,2,Calming,11
171.0,3-back,2,Calming,11
235.0,3-back,2,Calming,11
338.0,3-back,2,Calming,11
0.0,3-back,2,Calming,11
678.0,3-back,2,Calming,11
576.0,3-back,2,Calming,11
529.0,3-back,2,Calming,11
0.0,3-back,2,Calming,11
904.0,3-back,2,Calming,11
699.0,3-back,2,Calming,11
475.0,3-back,2,Calming,11
0.0,3-back,2,Calming,11
484.0,3-back,2,Calming,11
575.0,3-back,2,Calming,11
1033.0,3-back,2,Calming,11
543.0,3-back,2,Calming,11
1413.0,3-back,2,Calming,11
0.0,3-back,2,Calming,11
833.0,3-back,2,Calming,11
0.0,3-back,3,Calming,11
0.0,3-back,3,Calming,11
0.0,3-back,3,Calming,11
1288.0,3-back,3,Calming,11
593.0,3-back,3,Calming,11
4.0,3-back,3,Calming,11
0.0,3-back,3,Calming,11
0.0,3-back,3,Calming,11
0.0,3-back,3,Calming,11
536.0,3-back,3,Calming,11
361.0,3-back,3,Calming,11
229.0,3-back,3,Calming,11
0.0,3-back,3,Calming,11
0.0,3-back,3,Calming,11
0.0,3-back,3,Calming,11
382.0,3-back,3,Calming,11
1087.0,3-back,3,Calming,11
733.0,3-back,3,Calming,11
0.0,3-back,3,Calming,11
0.0,3-back,3,Calming,11
0.0,3-back,3,Calming,11
326.0,3-back,3,Calming,11
0.0,1-back,4,Calming,11
383.0,1-back,4,Calming,11
0.0,1-back,4,Calming,11
366.0,1-back,4,Calming,11
688.0,1-back,4,Calming,11
28.0,1-back,4,Calming,11
372.0,1-back,4,Calming,11
193.0,1-back,4,Calming,11
240.0,1-back,4,Calming,11
582.0,1-back,4,Calming,11
111.0,1-back,4,Calming,11
393.0,1-back,4,Calming,11
78.0,1-back,4,Calming,11
144.0,1-back,4,Calming,11
288.0,1-back,4,Calming,11
223.0,1-back,4,Calming,11
286.0,1-back,4,Calming,11
377.0,1-back,4,Calming,11
36.0,1-back,4,Calming,11
449.0,1-back,4,Calming,11
526.0,1-back,4,Calming,11
164.0,1-back,4,Calming,11
0.0,3-back,5,Calming,11
0.0,3-back,5,Calming,11
0.0,3-back,5,Calming,11
464.0,3-back,5,Calming,11
863.0,3-back,5,Calming,11
200.0,3-back,5,Calming,11
426.0,3-back,5,Calming,11
169.0,3-back,5,Calming,11
1379.0,3-back,5,Calming,11
890.0,3-back,5,Calming,11
631.0,3-back,5,Calming,11
0.0,3-back,5,Calming,11
323.0,3-back,5,Calming,11
358.0,3-back,5,Calming,11
381.0,3-back,5,Calming,11
0.0,3-back,5,Calming,11
763.0,3-back,5,Calming,11
531.0,3-back,5,Calming,11
706.0,3-back,5,Calming,11
411.0,3-back,5,Calming,11
500.0,3-back,5,Calming,11
955.0,3-back,5,Calming,11
0.0,1-back,6,Calming,11
492.0,1-back,6,Calming,11
41.0,1-back,6,Calming,11
30.0,1-back,6,Calming,11
231.0,1-back,6,Calming,11
495.0,1-back,6,Calming,11
585.0,1-back,6,Calming,11
47.0,1-back,6,Calming,11
308.0,1-back,6,Calming,11
377.0,1-back,6,Calming,11
439.0,1-back,6,Calming,11
190.0,1-back,6,Calming,11
71.0,1-back,6,Calming,11
36.0,1-back,6,Calming,11
0.0,1-back,6,Calming,11
15.0,1-back,6,Calming,11
403.0,1-back,6,Calming,11
256.0,1-back,6,Calming,11
1350.0,1-back,6,Calming,11
360.0,1-back,6,Calming,11
291.0,1-back,6,Calming,11
113.0,1-back,6,Calming,11
0.0,1-back,7,Calming,11
406.0,1-back,7,Calming,11
376.0,1-back,7,Calming,11
308.0,1-back,7,Calming,11
155.0,1-back,7,Calming,11
738.0,1-back,7,Calming,11
50.0,1-back,7,Calming,11
0.0,1-back,7,Calming,11
0.0,1-back,7,Calming,11
41.0,1-back,7,Calming,11
160.0,1-back,7,Calming,11
35.0,1-back,7,Calming,11
0.0,1-back,7,Calming,11
420.0,1-back,7,Calming,11
86.0,1-back,7,Calming,11
127.0,1-back,7,Calming,11
0.0,1-back,7,Calming,11
616.0,1-back,7,Calming,11
111.0,1-back,7,Calming,11
498.0,1-back,7,Calming,11
251.0,1-back,7,Calming,11
8.0,1-back,7,Calming,11
0.0,3-back,8,Calming,11
0.0,3-back,8,Calming,11
0.0,3-back,8,Calming,11
843.0,3-back,8,Calming,11
823.0,3-back,8,Calming,11
446.0,3-back,8,Calming,11
1105.0,3-back,8,Calming,11
0.0,3-back,8,Calming,11
786.0,3-back,8,Calming,11
882.0,3-back,8,Calming,11
266.0,3-back,8,Calming,11
1089.0,3-back,8,Calming,11
1230.0,3-back,8,Calming,11
0.0,3-back,8,Calming,11
226.0,3-back,8,Calming,11
685.0,3-back,8,Calming,11
259.0,3-back,8,Calming,11
325.0,3-back,8,Calming,11
1075.0,3-back,8,Calming,11
0.0,3-back,8,Calming,11
0.0,3-back,8,Calming,11
243.0,3-back,8,Calming,11
0.0,3-back,10,Calming,11
0.0,3-back,10,Calming,11
0.0,3-back,10,Calming,11
1344.0,3-back,10,Calming,11
328.0,3-back,10,Calming,11
444.0,3-back,10,Calming,11
818.0,3-back,10,Calming,11
673.0,3-back,10,Calming,11
403.0,3-back,10,Calming,11
279.0,3-back,10,Calming,11
958.0,3-back,10,Calming,11
303.0,3-back,10,Calming,11
114.0,3-back,10,Calming,11
165.0,3-back,10,Calming,11
414.0,3-back,10,Calming,11
0.0,3-back,10,Calming,11
548.0,3-back,10,Calming,11
731.0,3-back,10,Calming,11
585.0,3-back,10,Calming,11
30.0,3-back,10,Calming,11
1173.0,3-back,10,Calming,11
547.0,3-back,10,Calming,11
0.0,1-back,11,Calming,11
299.0,1-back,11,Calming,11
334.0,1-back,11,Calming,11
705.0,1-back,11,Calming,11
67.0,1-back,11,Calming,11
925.0,1-back,11,Calming,11
767.0,1-back,11,Calming,11
0.0,1-back,11,Calming,11
0.0,1-back,11,Calming,11
135.0,1-back,11,Calming,11
0.0,1-back,11,Calming,11
30.0,1-back,11,Calming,11
720.0,1-back,11,Calming,11
250.0,1-back,11,Calming,11
71.0,1-back,11,Calming,11
607.0,1-back,11,Calming,11
0.0,1-back,11,Calming,11
479.0,1-back,11,Calming,11
455.0,1-back,11,Calming,11
465.0,1-back,11,Calming,11
210.0,1-back,11,Calming,11
487.0,1-back,11,Calming,11
0.0,1-back,12,Calming,11
781.0,1-back,12,Calming,11
89.0,1-back,12,Calming,11
54.0,1-back,12,Calming,11
1043.0,1-back,12,Calming,11
277.0,1-back,12,Calming,11
114.0,1-back,12,Calming,11
491.0,1-back,12,Calming,11
279.0,1-back,12,Calming,11
436.0,1-back,12,Calming,11
455.0,1-back,12,Calming,11
895.0,1-back,12,Calming,11
141.0,1-back,12,Calming,11
218.0,1-back,12,Calming,11
417.0,1-back,12,Calming,11
574.0,1-back,12,Calming,11
158.0,1-back,12,Calming,11
247.0,1-back,12,Calming,11
0.0,1-back,12,Calming,11
55.0,1-back,12,Calming,11
85.0,1-back,12,Calming,11
329.0,1-back,12,Calming,11
0.0,3-back,13,Calming,11
0.0,3-back,13,Calming,11
0.0,3-back,13,Calming,11
685.0,3-back,13,Calming,11
347.0,3-back,13,Calming,11
107.0,3-back,13,Calming,11
434.0,3-back,13,Calming,11
204.0,3-back,13,Calming,11
401.0,3-back,13,Calming,11
296.0,3-back,13,Calming,11
277.0,3-back,13,Calming,11
879.0,3-back,13,Calming,11
1181.0,3-back,13,Calming,11
659.0,3-back,13,Calming,11
83.0,3-back,13,Calming,11
596.0,3-back,13,Calming,11
1060.0,3-back,13,Calming,11
0.0,3-back,13,Calming,11
645.0,3-back,13,Calming,11
1457.0,3-back,13,Calming,11
476.0,3-back,13,Calming,11
564.0,3-back,13,Calming,11
0.0,3-back,14,Calming,11
0.0,3-back,14,Calming,11
0.0,3-back,14,Calming,11
800.0,3-back,14,Calming,11
210.0,3-back,14,Calming,11
488.0,3-back,14,Calming,11
420.0,3-back,14,Calming,11
1019.0,3-back,14,Calming,11
284.0,3-back,14,Calming,11
675.0,3-back,14,Calming,11
1083.0,3-back,14,Calming,11
895.0,3-back,14,Calming,11
1149.0,3-back,14,Calming,11
658.0,3-back,14,Calming,11
470.0,3-back,14,Calming,11
226.0,3-back,14,Calming,11
538.0,3-back,14,Calming,11
38.0,3-back,14,Calming,11
475.0,3-back,14,Calming,11
798.0,3-back,14,Calming,11
377.0,3-back,14,Calming,11
242.0,3-back,14,Calming,11
0.0,1-back,15,Calming,11
195.0,1-back,15,Calming,11
167.0,1-back,15,Calming,11
285.0,1-back,15,Calming,11
876.0,1-back,15,Calming,11
169.0,1-back,15,Calming,11
208.0,1-back,15,Calming,11
125.0,1-back,15,Calming,11
67.0,1-back,15,Calming,11
34.0,1-back,15,Calming,11
273.0,1-back,15,Calming,11
615.0,1-back,15,Calming,11
71.0,1-back,15,Calming,11
161.0,1-back,15,Calming,11
295.0,1-back,15,Calming,11
70.0,1-back,15,Calming,11
364.0,1-back,15,Calming,11
257.0,1-back,15,Calming,11
175.0,1-back,15,Calming,11
0.0,1-back,15,Calming,11
5.0,1-back,15,Calming,11
412.0,1-back,15,Calming,11
0.0,3-back,16,Calming,11
0.0,3-back,16,Calming,11
0.0,3-back,16,Calming,11
305.0,3-back,16,Calming,11
0.0,3-back,16,Calming,11
48.0,3-back,16,Calming,11
0.0,3-back,16,Calming,11
148.0,3-back,16,Calming,11
911.0,3-back,16,Calming,11
404.0,3-back,16,Calming,11
816.0,3-back,16,Calming,11
889.0,3-back,16,Calming,11
718.0,3-back,16,Calming,11
775.0,3-back,16,Calming,11
1147.0,3-back,16,Calming,11
365.0,3-back,16,Calming,11
1476.0,3-back,16,Calming,11
804.0,3-back,16,Calming,11
1129.0,3-back,16,Calming,11
542.0,3-back,16,Calming,11
407.0,3-back,16,Calming,11
548.0,3-back,16,Calming,11
0.0,1-back,17,Calming,11
1329.0,1-back,17,Calming,11
387.0,1-back,17,Calming,11
218.0,1-back,17,Calming,11
56.0,1-back,17,Calming,11
480.0,1-back,17,Calming,11
385.0,1-back,17,Calming,11
231.0,1-back,17,Calming,11
151.0,1-back,17,Calming,11
0.0,1-back,17,Calming,11
270.0,1-back,17,Calming,11
161.0,1-back,17,Calming,11
377.0,1-back,17,Calming,11
286.0,1-back,17,Calming,11
613.0,1-back,17,Calming,11
282.0,1-back,17,Calming,11
444.0,1-back,17,Calming,11
224.0,1-back,17,Calming,11
74.0,1-back,17,Calming,11
219.0,1-back,17,Calming,11
159.0,1-back,17,Calming,11
135.0,1-back,17,Calming,11
